"","year","make","model","avg_used_price","avg_new_price","merged_used_new_price"
"1","2016","Acura","ILX",16297.42,NA,16297.42
"2","2016","Acura","MDX",19801.15,NA,19801.15
"3","2016","Acura","RDX",16909.77,NA,16909.77
"4","2016","Acura","TLX",16706.43,NA,16706.43
"5","2016","Aston","Martin",124975.8,NA,124975.8
"6","2016","Audi","A3",16459.43,NA,16459.43
"7","2016","Audi","A4",14635.44,NA,14635.44
"8","2016","Audi","A5",20175.2,NA,20175.2
"9","2016","Audi","A6",19996.91,NA,19996.91
"10","2016","Audi","A7",27029.62,NA,27029.62
"11","2016","Audi","A8",27995,NA,27995
"12","2016","Audi","Q3",16318.89,NA,16318.89
"13","2016","Audi","Q5",16268.75,NA,16268.75
"14","2016","Audi","RS",54055.67,NA,54055.67
"15","2016","Audi","S3",20733,NA,20733
"16","2016","Audi","S4",23496.5,NA,23496.5
"17","2016","Audi","S5",25145.78,NA,25145.78
"18","2016","Audi","S6",32500,NA,32500
"19","2016","Audi","S7",39599.33,NA,39599.33
"20","2016","Audi","SQ5",20074.4,NA,20074.4
"21","2016","Audi","TT",26154,NA,26154
"22","2016","Audi","TTS",33395,NA,33395
"23","2016","BMW","2",20034.17,NA,20034.17
"24","2016","BMW","228",24800,NA,24800
"25","2016","BMW","3",19556.61,NA,19556.61
"26","2016","BMW","3-Series",13385,NA,13385
"27","2016","BMW","320i",10000,NA,10000
"28","2016","BMW","328",15929.33,NA,15929.33
"29","2016","BMW","328I",18390,NA,18390
"30","2016","BMW","328i",26950,NA,26950
"31","2016","BMW","335i",17800,NA,17800
"32","2016","BMW","4",21947.33,NA,21947.33
"33","2016","BMW","4-Series",19451.33,NA,19451.33
"34","2016","BMW","428i",21123,NA,21123
"35","2016","BMW","435i",26854,NA,26854
"36","2016","BMW","5",20479.5,NA,20479.5
"37","2016","BMW","528",16995,NA,16995
"38","2016","BMW","6",35910,NA,35910
"39","2016","BMW","640",28495,NA,28495
"40","2016","BMW","7",28827.75,NA,28827.75
"41","2016","BMW","750Li",31999,NA,31999
"42","2016","BMW","M235i",29999,NA,29999
"43","2016","BMW","M3",55892.67,NA,55892.67
"44","2016","BMW","M4",61784.11,NA,61784.11
"45","2016","BMW","M5",64000,NA,64000
"46","2016","BMW","M6",58497,NA,58497
"47","2016","BMW","X1",19388,NA,19388
"48","2016","BMW","X3",17317.85,NA,17317.85
"49","2016","BMW","X4",20620.67,NA,20620.67
"50","2016","BMW","X5",24194.67,NA,24194.67
"51","2016","BMW","X6",30543.5,NA,30543.5
"52","2016","BMW","i3",17694,NA,17694
"53","2016","BMW","i8",59888,NA,59888
"54","2016","Bentley","Continental",155380,NA,155380
"55","2016","Bentley","Flying",133194.67,NA,133194.67
"56","2016","Buick","Enclave",17274.75,NA,17274.75
"57","2016","Buick","Encore",12294.71,NA,12294.71
"58","2016","Buick","Envision",14197.88,NA,14197.88
"59","2016","Buick","Regal",12980,NA,12980
"60","2016","Buick","Verano",15978.57,NA,15978.57
"61","2016","Cadillac","ATS",15664.67,NA,15664.67
"62","2016","Cadillac","ATS-V",47994,NA,47994
"63","2016","Cadillac","CTS",25795,NA,25795
"64","2016","Cadillac","Escalade",37926.85,NA,37926.85
"65","2016","Cadillac","SRX",16592.6,NA,16592.6
"66","2016","Cadillac","XTS",19679.5,NA,19679.5
"67","2016","Chevrolet","1500",36997.5,NA,36997.5
"68","2016","Chevrolet","Camaro",35880,NA,35880
"69","2016","Chevrolet","Colorado",21494.17,NA,21494.17
"70","2016","Chevrolet","Corvette",82393.09,NA,82393.09
"71","2016","Chevrolet","Cruze",9515.26,NA,9515.26
"72","2016","Chevrolet","Equinox",11785.05,NA,11785.05
"73","2016","Chevrolet","Express",37888,NA,37888
"74","2016","Chevrolet","Malibu",10695.55,NA,10695.55
"75","2016","Chevrolet","SILVERADO",26632.67,NA,26632.67
"76","2016","Chevrolet","Silverado",25238.43,NA,25238.43
"77","2016","Chevrolet","Sonic",9133,NA,9133
"78","2016","Chevrolet","Spark",6731.67,NA,6731.67
"79","2016","Chevrolet","Suburban",28885,NA,28885
"80","2016","Chevrolet","Tahoe",21138,NA,21138
"81","2016","Chevrolet","Traverse",13900.67,NA,13900.67
"82","2016","Chevrolet","Trax",10150.27,NA,10150.27
"83","2016","Chrysler","200",13521.91,NA,13521.91
"84","2016","Chrysler","300",16100.71,NA,16100.71
"85","2016","Chrysler","300C",16995,NA,16995
"86","2016","Chrysler","TC",14995,NA,14995
"87","2016","Chrysler","Town",16905.73,NA,16905.73
"88","2016","Dodge","Caravan",9274.75,NA,9274.75
"89","2016","Dodge","Challenger",56427.32,NA,56427.32
"90","2016","Dodge","Charger",16643.3,NA,16643.3
"91","2016","Dodge","Dart",8997,NA,8997
"92","2016","Dodge","Durango",21173.5,NA,21173.5
"93","2016","Dodge","Grand",12897.12,NA,12897.12
"94","2016","Dodge","Journey",11710.15,NA,11710.15
"95","2016","Dodge","RAM",16750,NA,16750
"96","2016","Dodge","Ram",14000,NA,14000
"97","2016","Dodge","Viper",209999,NA,209999
"98","2016","Ferrari","488",301943.5,NA,301943.5
"99","2016","Ferrari","California",164500,NA,164500
"100","2016","Ferrari","F12berlinetta",368000,NA,368000
"101","2016","Fiat","500",8499.5,NA,8499.5
"102","2016","Fiat","500X",13616.33,NA,13616.33
"103","2016","Ford","C-Max",14995,NA,14995
"104","2016","Ford","Edge",15852.58,NA,15852.58
"105","2016","Ford","Escape",11439.39,NA,11439.39
"106","2016","Ford","Expedition",28382,NA,28382
"107","2016","Ford","Explorer",17047,NA,17047
"108","2016","Ford","F-150",22312.93,NA,22312.93
"109","2016","Ford","F-250",18291.33,NA,18291.33
"110","2016","Ford","F-350",38130,NA,38130
"111","2016","Ford","Fiesta",9550,NA,9550
"112","2016","Ford","Flex",17800,NA,17800
"113","2016","Ford","Focus",11918.41,NA,11918.41
"114","2016","Ford","Fusion",11449.48,NA,11449.48
"115","2016","Ford","Mustang",37214.9,NA,37214.9
"116","2016","Ford","Taurus",15709.29,NA,15709.29
"117","2016","Ford","Transit",22173.89,NA,22173.89
"118","2016","Freightliner","M2-106",110300,NA,110300
"119","2016","GMC","1500",6000,NA,6000
"120","2016","GMC","2500",35000,NA,35000
"121","2016","GMC","Acadia",16750.7,NA,16750.7
"122","2016","GMC","Canyon",24456.33,NA,24456.33
"123","2016","GMC","SIERRA",37492.5,NA,37492.5
"124","2016","GMC","Savana",13449.5,NA,13449.5
"125","2016","GMC","Sierra",24089.94,NA,24089.94
"126","2016","GMC","Terrain",14150.44,NA,14150.44
"127","2016","GMC","Yukon",36177,NA,36177
"128","2016","Honda","Accord",17065.67,NA,17065.67
"129","2016","Honda","CR-V",17284.31,NA,17284.31
"130","2016","Honda","Civic",15614.34,NA,15614.34
"131","2016","Honda","Fit",15710,NA,15710
"132","2016","Honda","HR-V",16991.52,NA,16991.52
"133","2016","Honda","Odyssey",19426.33,NA,19426.33
"134","2016","Honda","Pilot",22306.22,NA,22306.22
"135","2016","Hyundai","Accent",11704.31,NA,11704.31
"136","2016","Hyundai","Elantra",10109.88,NA,10109.88
"137","2016","Hyundai","Genesis",18033.08,NA,18033.08
"138","2016","Hyundai","Santa",14426.43,NA,14426.43
"139","2016","Hyundai","Sonata",14264.51,NA,14264.51
"140","2016","Hyundai","Tucson",15411.34,NA,15411.34
"141","2016","Hyundai","Veloster",11381.88,NA,11381.88
"142","2016","Infiniti","Q50",14865.4,NA,14865.4
"143","2016","Infiniti","Q70L",13995,NA,13995
"144","2016","Infiniti","QX50",17247.25,NA,17247.25
"145","2016","Infiniti","QX60",14680.2,NA,14680.2
"146","2016","Infiniti","QX70",17497.5,NA,17497.5
"147","2016","Infiniti","QX80",26664.33,NA,26664.33
"148","2016","International","4300",69900,NA,69900
"149","2016","Jaguar","F-Type",45299.67,NA,45299.67
"150","2016","Jaguar","XF",18583.78,NA,18583.78
"151","2016","Jaguar","XFR-S",28550,NA,28550
"152","2016","Jaguar","XJ",24401.6,NA,24401.6
"153","2016","Jeep","Cherokee",14506.38,NA,14506.38
"154","2016","Jeep","Compass",12885.25,NA,12885.25
"155","2016","Jeep","Grand",19315.8,NA,19315.8
"156","2016","Jeep","JK",22750,NA,22750
"157","2016","Jeep","Patriot",11675.81,NA,11675.81
"158","2016","Jeep","Renegade",14729.5,NA,14729.5
"159","2016","Jeep","WRANGLER",22610.5,NA,22610.5
"160","2016","Jeep","Wrangler",22778.08,NA,22778.08
"161","2016","Kia","Cadenza",14447.75,NA,14447.75
"162","2016","Kia","Forte",10703.54,NA,10703.54
"163","2016","Kia","Optima",14996.75,NA,14996.75
"164","2016","Kia","Rio",11919.39,NA,11919.39
"165","2016","Kia","Rondo",7459.33,NA,7459.33
"166","2016","Kia","Sedona",13748.25,NA,13748.25
"167","2016","Kia","Sorento",13525.45,NA,13525.45
"168","2016","Kia","Soul",12335.83,NA,12335.83
"169","2016","Kia","Sportage",12993,NA,12993
"170","2016","Lamborghini","Aventador",459944,NA,459944
"171","2016","Lamborghini","Huracan",264150,NA,264150
"172","2016","Land","Rover",28129.66,NA,28129.66
"173","2016","Lexus","ES",20313.75,NA,20313.75
"174","2016","Lexus","GS",31999,NA,31999
"175","2016","Lexus","GX",31449.5,NA,31449.5
"176","2016","Lexus","IS",23443.75,NA,23443.75
"177","2016","Lexus","LS",35291.5,NA,35291.5
"178","2016","Lexus","LX",62449,NA,62449
"179","2016","Lexus","NX",21795.6,NA,21795.6
"180","2016","Lexus","RC",26190.33,NA,26190.33
"181","2016","Lexus","RX",29019.21,NA,29019.21
"182","2016","Lincoln","MKC",18246,NA,18246
"183","2016","Lincoln","MKX",16760.56,NA,16760.56
"184","2016","Lincoln","MKZ",17837.8,NA,17837.8
"185","2016","MINI","5",7995,NA,7995
"186","2016","MINI","COOPER",13239.5,NA,13239.5
"187","2016","MINI","Clubman",16650,NA,16650
"188","2016","MINI","Convertible",17900,NA,17900
"189","2016","MINI","Cooper",14601.26,NA,14601.26
"190","2016","MINI","Countryman",14495,NA,14495
"191","2016","Maserati","Ghibli",27633.17,NA,27633.17
"192","2016","Maserati","GranTurismo",63888,NA,63888
"193","2016","Mazda","CX-3",16469.36,NA,16469.36
"194","2016","Mazda","CX-5",15676.85,NA,15676.85
"195","2016","Mazda","CX-9",16976,NA,16976
"196","2016","Mazda","MX-5",25739.75,NA,25739.75
"197","2016","Mazda","Mazda3",12902.78,NA,12902.78
"198","2016","Mazda","Mazda6",13029.17,NA,13029.17
"199","2016","Mazda","Miata",26500,NA,26500
"200","2016","McLaren","570S",164786,NA,164786
"201","2016","Mercedes-Benz","2016",31976.63,NA,31976.63
"202","2016","Mitsubishi","Lancer",10935.29,NA,10935.29
"203","2016","Mitsubishi","Outlander",12926.53,NA,12926.53
"204","2016","Mitsubishi","RVR",12719.5,NA,12719.5
"205","2016","Nissan","370Z",29649.75,NA,29649.75
"206","2016","Nissan","ALTIMA",13750,NA,13750
"207","2016","Nissan","Altima",12806.15,NA,12806.15
"208","2016","Nissan","Frontier",18681.57,NA,18681.57
"209","2016","Nissan","Juke",13312.22,NA,13312.22
"210","2016","Nissan","LEAF",9561,NA,9561
"211","2016","Nissan","Maxima",15651.07,NA,15651.07
"212","2016","Nissan","Micra",10093.25,NA,10093.25
"213","2016","Nissan","Murano",15538.91,NA,15538.91
"214","2016","Nissan","Pathfinder",16721.67,NA,16721.67
"215","2016","Nissan","Rogue",12994.03,NA,12994.03
"216","2016","Nissan","Sentra",9905.83,NA,9905.83
"217","2016","Nissan","Titan",29062.25,NA,29062.25
"218","2016","Nissan","Versa",8684.38,NA,8684.38
"219","2016","Pontiac","Grand",2000,NA,2000
"220","2016","Porsche","911",144945.5,NA,144945.5
"221","2016","Porsche","Boxster",59888,NA,59888
"222","2016","Porsche","Cayenne",36170.57,NA,36170.57
"223","2016","Porsche","Cayman",125000,NA,125000
"224","2016","Porsche","Macan",28681.62,NA,28681.62
"225","2016","Porsche","Panamera",45947.6,NA,45947.6
"226","2016","Ram","1500",19540.31,NA,19540.31
"227","2016","Ram","2500",30564.29,NA,30564.29
"228","2016","Ram","3500",39900,NA,39900
"229","2016","Ram","ProMaster",21492.6,NA,21492.6
"230","2016","Ram","Promaster",15656.62,NA,15656.62
"231","2016","Ram","RAM",28995,NA,28995
"232","2016","Rolls-Royce","2016",226912.14,NA,226912.14
"233","2016","Scion","FR-S",16348.17,NA,16348.17
"234","2016","Scion","iM",14647.57,NA,14647.57
"235","2016","Scion","tC",13583,NA,13583
"236","2016","Subaru","BRZ",18395.6,NA,18395.6
"237","2016","Subaru","Crosstrek",14382.27,NA,14382.27
"238","2016","Subaru","Forester",15341.62,NA,15341.62
"239","2016","Subaru","Impreza",14090.33,NA,14090.33
"240","2016","Subaru","Legacy",14297.8,NA,14297.8
"241","2016","Subaru","Outback",16166.2,NA,16166.2
"242","2016","Subaru","WRX",20926.1,NA,20926.1
"243","2016","Tesla","Model",36034.59,NA,36034.59
"244","2016","Toyota","4Runner",32376.25,NA,32376.25
"245","2016","Toyota","Camry",17252.17,NA,17252.17
"246","2016","Toyota","Corolla",15650.91,NA,15650.91
"247","2016","Toyota","Highlander",24473.52,NA,24473.52
"248","2016","Toyota","Prius",16381.2,NA,16381.2
"249","2016","Toyota","RAV4",18741.71,NA,18741.71
"250","2016","Toyota","Sienna",26479.73,NA,26479.73
"251","2016","Toyota","Tacoma",28930.11,NA,28930.11
"252","2016","Toyota","Tundra",34332.67,NA,34332.67
"253","2016","Toyota","Venza",17646.13,NA,17646.13
"254","2016","Toyota","Yaris",16998,NA,16998
"255","2016","Volkswagen","Beetle",17882.36,NA,17882.36
"256","2016","Volkswagen","CC",14998,NA,14998
"257","2016","Volkswagen","Golf",15072.6,NA,15072.6
"258","2016","Volkswagen","Jetta",11544.56,NA,11544.56
"259","2016","Volkswagen","Passat",12462.83,NA,12462.83
"260","2016","Volkswagen","Tiguan",13060.25,NA,13060.25
"261","2016","Volkswagen","Touareg",21417.25,NA,21417.25
"262","2016","Volvo","S60",13888,NA,13888
"263","2016","Volvo","V60",15630,NA,15630
"264","2016","Volvo","XC60",15631.43,NA,15631.43
"265","2016","Volvo","XC90",22978.82,NA,22978.82
"266","2016","smart","fortwo",11631.67,NA,11631.67
"267","2017","Acura","ILX",17310.67,NA,17310.67
"268","2017","Acura","MDX",23688.61,NA,23688.61
"269","2017","Acura","NSX",153241.25,NA,153241.25
"270","2017","Acura","RDX",21768.86,NA,21768.86
"271","2017","Acura","RLX",28449,NA,28449
"272","2017","Acura","TLX",19405.22,NA,19405.22
"273","2017","Alfa","Romeo",28806.83,NA,28806.83
"274","2017","Aston","Martin",149998,NA,149998
"275","2017","Audi","A3",18678.19,NA,18678.19
"276","2017","Audi","A4",NA,NA,NA
"277","2017","Audi","A5",28995,NA,28995
"278","2017","Audi","A6",23898.25,NA,23898.25
"279","2017","Audi","A7",27072.4,NA,27072.4
"280","2017","Audi","A8",22896,NA,22896
"281","2017","Audi","Q3",19091.82,NA,19091.82
"282","2017","Audi","Q5",18800.29,NA,18800.29
"283","2017","Audi","Q7",25724.82,NA,25724.82
"284","2017","Audi","R8",183128.43,NA,183128.43
"285","2017","Audi","RS",51329.33,NA,51329.33
"286","2017","Audi","S3",27497.5,NA,27497.5
"287","2017","Audi","S7",46995,NA,46995
"288","2017","Audi","S8",58910,NA,58910
"289","2017","Audi","SQ5",24972,NA,24972
"290","2017","Audi","TT",32388,NA,32388
"291","2017","Audi","TTS",32641.5,NA,32641.5
"292","2017","Audi","allroad",21785,NA,21785
"293","2017","BMW","2",27973.6,NA,27973.6
"294","2017","BMW","230i",24500,NA,24500
"295","2017","BMW","3",19121,NA,19121
"296","2017","BMW","320i",21000,NA,21000
"297","2017","BMW","330XI",21888,NA,21888
"298","2017","BMW","330i",21500,NA,21500
"299","2017","BMW","340i",30950,NA,30950
"300","2017","BMW","4",24733.38,NA,24733.38
"301","2017","BMW","430i",33999.5,NA,33999.5
"302","2017","BMW","440i",35975,NA,35975
"303","2017","BMW","5",28808.21,NA,28808.21
"304","2017","BMW","530i",36500,NA,36500
"305","2017","BMW","540",34992,NA,34992
"306","2017","BMW","6",40616,NA,40616
"307","2017","BMW","7",41945.5,NA,41945.5
"308","2017","BMW","750LI",58900,NA,58900
"309","2017","BMW","7Series",34999,NA,34999
"310","2017","BMW","M2",34995,NA,34995
"311","2017","BMW","M3",50995,NA,50995
"312","2017","BMW","M4",42888,NA,42888
"313","2017","BMW","M6",62499,NA,62499
"314","2017","BMW","X1",19143.04,NA,19143.04
"315","2017","BMW","X3",20829.04,NA,20829.04
"316","2017","BMW","X4",27584.11,NA,27584.11
"317","2017","BMW","X5",30571.19,NA,30571.19
"318","2017","BMW","X6",34307.11,NA,34307.11
"319","2017","BMW","i3",21960.67,NA,21960.67
"320","2017","BMW","i8",93888,NA,93888
"321","2017","Bentley","Bentayga",105374,NA,105374
"322","2017","Bentley","Continental",164715.5,NA,164715.5
"323","2017","Buick","Enclave",21829.67,NA,21829.67
"324","2017","Buick","Encore",16271.56,NA,16271.56
"325","2017","Buick","Envision",20584.6,NA,20584.6
"326","2017","Buick","LaCrosse",26000,NA,26000
"327","2017","Buick","Regal",14470.5,NA,14470.5
"328","2017","Buick","Verano",18507.73,NA,18507.73
"329","2017","Cadillac","ATS",19610.6,NA,19610.6
"330","2017","Cadillac","CT6",26999,NA,26999
"331","2017","Cadillac","CTS",21694,NA,21694
"332","2017","Cadillac","Escalade",47039.8,NA,47039.8
"333","2017","Cadillac","XT5",20810.53,NA,20810.53
"334","2017","Cadillac","XTS",19223.75,NA,19223.75
"335","2017","Chevrolet","Bolt",18694,NA,18694
"336","2017","Chevrolet","Camaro",24138.67,NA,24138.67
"337","2017","Chevrolet","City",14990,NA,14990
"338","2017","Chevrolet","Colorado",18095,NA,18095
"339","2017","Chevrolet","Corvette",85314.52,NA,85314.52
"340","2017","Chevrolet","Cruze",12553.42,NA,12553.42
"341","2017","Chevrolet","Equinox",12309.35,NA,12309.35
"342","2017","Chevrolet","Express",35710,NA,35710
"343","2017","Chevrolet","Impala",16864.36,NA,16864.36
"344","2017","Chevrolet","Malibu",14334.3,NA,14334.3
"345","2017","Chevrolet","SILVERADO",38499.2,NA,38499.2
"346","2017","Chevrolet","Silverado",25651.75,NA,25651.75
"347","2017","Chevrolet","Sonic",11630.43,NA,11630.43
"348","2017","Chevrolet","Spark",12488,NA,12488
"349","2017","Chevrolet","Suburban",39249.33,NA,39249.33
"350","2017","Chevrolet","Tahoe",23577.6,NA,23577.6
"351","2017","Chevrolet","Traverse",18362.87,NA,18362.87
"352","2017","Chevrolet","Trax",15908.57,NA,15908.57
"353","2017","Chevrolet","Volt",16369,NA,16369
"354","2017","Chrysler","300",21079.29,NA,21079.29
"355","2017","Chrysler","Pacifica",20784.25,NA,20784.25
"356","2017","Dodge","Caravan",19000,NA,19000
"357","2017","Dodge","Challenger",35496.06,NA,35496.06
"358","2017","Dodge","Charger",18217.78,NA,18217.78
"359","2017","Dodge","Durango",23749.5,NA,23749.5
"360","2017","Dodge","Grand",16556.28,NA,16556.28
"361","2017","Dodge","Journey",13498.12,NA,13498.12
"362","2017","Dodge","RAM",24330,NA,24330
"363","2017","Dodge","Ram",18950,NA,18950
"364","2017","Ferrari","488",342971.5,NA,342971.5
"365","2017","Ferrari","California",168862.67,NA,168862.67
"366","2017","Ferrari","F12",379800,NA,379800
"367","2017","Fiat","124",22487.14,NA,22487.14
"368","2017","Fiat","500",11999,NA,11999
"369","2017","Fiat","500X",16643,NA,16643
"370","2017","Ford","C-Max",15284.33,NA,15284.33
"371","2017","Ford","Edge",24640.12,NA,24640.12
"372","2017","Ford","Escape",13380.71,NA,13380.71
"373","2017","Ford","Expedition",24731.43,NA,24731.43
"374","2017","Ford","Explorer",18953.85,NA,18953.85
"375","2017","Ford","F-150",21308.02,NA,21308.02
"376","2017","Ford","F-250",24771.75,NA,24771.75
"377","2017","Ford","F-350",40749.5,NA,40749.5
"378","2017","Ford","F-450",69995,NA,69995
"379","2017","Ford","Fiesta",7247.5,NA,7247.5
"380","2017","Ford","Flex",17745,NA,17745
"381","2017","Ford","Focus",12229.84,NA,12229.84
"382","2017","Ford","Fusion",15664.87,NA,15664.87
"383","2017","Ford","Mustang",36162.84,NA,36162.84
"384","2017","Ford","Police",16497.5,NA,16497.5
"385","2017","Ford","Taurus",14995,NA,14995
"386","2017","Ford","Transit",19417.82,NA,19417.82
"387","2017","Freightliner","M2-106",95800,NA,95800
"388","2017","GMC","1500",26125,NA,26125
"389","2017","GMC","Acadia",17671,NA,17671
"390","2017","GMC","Canyon",28039.83,NA,28039.83
"391","2017","GMC","SIERRA",33998,NA,33998
"392","2017","GMC","Savana",23990,NA,23990
"393","2017","GMC","Sierra",25918.26,NA,25918.26
"394","2017","GMC","Terrain",13879,NA,13879
"395","2017","GMC","Yukon",38357,NA,38357
"396","2017","Genesis","G80",16990,NA,16990
"397","2017","Genesis","G90",26296.33,NA,26296.33
"398","2017","Hino","268",94900,NA,94900
"399","2017","Honda","Accord",18997.23,NA,18997.23
"400","2017","Honda","CR-V",21634.11,NA,21634.11
"401","2017","Honda","Civic",17493,NA,17493
"402","2017","Honda","Fit",17064,NA,17064
"403","2017","Honda","HR-V",18222.31,NA,18222.31
"404","2017","Honda","Odyssey",24040.55,NA,24040.55
"405","2017","Honda","Pilot",22109.71,NA,22109.71
"406","2017","Honda","Ridgeline",26379.06,NA,26379.06
"407","2017","Hyundai","Accent",10572.28,NA,10572.28
"408","2017","Hyundai","Elantra",12703.51,NA,12703.51
"409","2017","Hyundai","Ioniq",15092.6,NA,15092.6
"410","2017","Hyundai","Santa",16476.74,NA,16476.74
"411","2017","Hyundai","Sonata",13580.26,NA,13580.26
"412","2017","Hyundai","Tucson",16025.68,NA,16025.68
"413","2017","Hyundai","Veloster",16094.22,NA,16094.22
"414","2017","Infiniti","Q50",22357.92,NA,22357.92
"415","2017","Infiniti","Q60",27108,NA,27108
"416","2017","Infiniti","QX30",18545.75,NA,18545.75
"417","2017","Infiniti","QX50",18215.75,NA,18215.75
"418","2017","Infiniti","QX60",18035.38,NA,18035.38
"419","2017","Infiniti","QX70",25000,NA,25000
"420","2017","Infiniti","QX80",26999,NA,26999
"421","2017","Isuzu","NRR",39888,NA,39888
"422","2017","Jaguar","F-Pace",21868.92,NA,21868.92
"423","2017","Jaguar","F-Type",62891.86,NA,62891.86
"424","2017","Jaguar","XE",17572,NA,17572
"425","2017","Jaguar","XF",22121.57,NA,22121.57
"426","2017","Jaguar","XJ",33441.5,NA,33441.5
"427","2017","Jeep","Cherokee",17432.04,NA,17432.04
"428","2017","Jeep","Compass",14333.77,NA,14333.77
"429","2017","Jeep","Grand",23731.1,NA,23731.1
"430","2017","Jeep","JK",25000,NA,25000
"431","2017","Jeep","Patriot",13472.5,NA,13472.5
"432","2017","Jeep","Renegade",18905.92,NA,18905.92
"433","2017","Jeep","WRANGLER",26776,NA,26776
"434","2017","Jeep","Wrangler",26049.92,NA,26049.92
"435","2017","Kia","Forte",11267.46,NA,11267.46
"436","2017","Kia","Niro",15475.67,NA,15475.67
"437","2017","Kia","Optima",14269.17,NA,14269.17
"438","2017","Kia","Rio",11995,NA,11995
"439","2017","Kia","Rondo",13321,NA,13321
"440","2017","Kia","Sedona",19594.5,NA,19594.5
"441","2017","Kia","Sorento",16240.31,NA,16240.31
"442","2017","Kia","Soul",12785.25,NA,12785.25
"443","2017","Kia","Sportage",16431.29,NA,16431.29
"444","2017","Lamborghini","Aventador",449950,NA,449950
"445","2017","Lamborghini","Huracan",266244.67,NA,266244.67
"446","2017","Land","Rover",31893.87,NA,31893.87
"447","2017","Lexus","ES",20491.5,NA,20491.5
"448","2017","Lexus","GS",39999,NA,39999
"449","2017","Lexus","GX",33998,NA,33998
"450","2017","Lexus","IS",26426.33,NA,26426.33
"451","2017","Lexus","NX",25506,NA,25506
"452","2017","Lexus","RC",34554.67,NA,34554.67
"453","2017","Lexus","RX",32229.7,NA,32229.7
"454","2017","Lincoln","Continental",17400,NA,17400
"455","2017","Lincoln","MKC",14286.8,NA,14286.8
"456","2017","Lincoln","MKX",NA,NA,NA
"457","2017","Lincoln","MKZ",18395.25,NA,18395.25
"458","2017","Lincoln","Navigator",30600,NA,30600
"459","2017","MINI","3",16888.5,NA,16888.5
"460","2017","MINI","COOPER",19446,NA,19446
"461","2017","MINI","Clubman",15959.75,NA,15959.75
"462","2017","MINI","Cooper",18162.78,NA,18162.78
"463","2017","MINI","Countryman",19999,NA,19999
"464","2017","MINI","Hardtop",13950,NA,13950
"465","2017","Maserati","Ghibli",33483.09,NA,33483.09
"466","2017","Maserati","GranTurismo",63998,NA,63998
"467","2017","Maserati","Levante",34069.5,NA,34069.5
"468","2017","Maserati","Quattroporte",48995,NA,48995
"469","2017","Mazda","CX-3",16649.64,NA,16649.64
"470","2017","Mazda","CX-5",18896.6,NA,18896.6
"471","2017","Mazda","CX-9",21024.42,NA,21024.42
"472","2017","Mazda","MAZDA3",12988,NA,12988
"473","2017","Mazda","MX-5",30196.8,NA,30196.8
"474","2017","Mazda","Mazda3",16042.68,NA,16042.68
"475","2017","Mazda","Mazda5",12997,NA,12997
"476","2017","Mazda","Mazda6",19474.73,NA,19474.73
"477","2017","Mazda","Miata",26000,NA,26000
"478","2017","McLaren","570GT",170832.5,NA,170832.5
"479","2017","McLaren","570S",182592,NA,182592
"480","2017","Mercedes-AMG","2017",66370,NA,66370
"481","2017","Mercedes-Benz","2017",40425.95,NA,40425.95
"482","2017","Mitsubishi","Lancer",12878.86,NA,12878.86
"483","2017","Mitsubishi","Mirage",9824.5,NA,9824.5
"484","2017","Mitsubishi","Outlander",11896.67,NA,11896.67
"485","2017","Mitsubishi","RVR",15257.75,NA,15257.75
"486","2017","Nissan","370Z",28824.67,NA,28824.67
"487","2017","Nissan","Altima",14356.62,NA,14356.62
"488","2017","Nissan","Armada",25975,NA,25975
"489","2017","Nissan","Frontier",20747.5,NA,20747.5
"490","2017","Nissan","GT-R",179999,NA,179999
"491","2017","Nissan","Juke",12981,NA,12981
"492","2017","Nissan","LEAF",10996.33,NA,10996.33
"493","2017","Nissan","Maxima",18126.9,NA,18126.9
"494","2017","Nissan","Micra",9628.33,NA,9628.33
"495","2017","Nissan","Murano",17261.97,NA,17261.97
"496","2017","Nissan","NV200",23490,NA,23490
"497","2017","Nissan","Pathfinder",16893.5,NA,16893.5
"498","2017","Nissan","Qashqai",14981.43,NA,14981.43
"499","2017","Nissan","Rogue",15877.16,NA,15877.16
"500","2017","Nissan","Sentra",11601.58,NA,11601.58
"501","2017","Nissan","Titan",24760,NA,24760
"502","2017","Nissan","Versa",8998.33,NA,8998.33
"503","2017","Porsche","718",70114.5,NA,70114.5
"504","2017","Porsche","911",125110.67,NA,125110.67
"505","2017","Porsche","Cayenne",36935.57,NA,36935.57
"506","2017","Porsche","Macan",33179.5,NA,33179.5
"507","2017","Porsche","Panamera",73497,NA,73497
"508","2017","Ram","1500",23620.66,NA,23620.66
"509","2017","Ram","2500",31679.2,NA,31679.2
"510","2017","Ram","3500",48295.33,NA,48295.33
"511","2017","Ram","ProMaster",20330.67,NA,20330.67
"512","2017","Ram","Promaster",25644.83,NA,25644.83
"513","2017","Rolls-Royce","2017",272889.33,NA,272889.33
"514","2017","Subaru","BRZ",20360.57,NA,20360.57
"515","2017","Subaru","Crosstrek",17436,NA,17436
"516","2017","Subaru","Forester",16877.65,NA,16877.65
"517","2017","Subaru","Impreza",13549.38,NA,13549.38
"518","2017","Subaru","Legacy",14921.75,NA,14921.75
"519","2017","Subaru","Outback",19939.07,NA,19939.07
"520","2017","Subaru","WRX",22301.32,NA,22301.32
"521","2017","Suzuki","V-Strom",8595,NA,8595
"522","2017","Tesla","Model",47949.76,NA,47949.76
"523","2017","Toyota","4Runner",32310.67,NA,32310.67
"524","2017","Toyota","86",22583,NA,22583
"525","2017","Toyota","Camry",20012.36,NA,20012.36
"526","2017","Toyota","Corolla",16740.51,NA,16740.51
"527","2017","Toyota","Highlander",28917.33,NA,28917.33
"528","2017","Toyota","Prius",19938.36,NA,19938.36
"529","2017","Toyota","RAV4",22099.48,NA,22099.48
"530","2017","Toyota","Sequoia",29995,NA,29995
"531","2017","Toyota","Sienna",24234.42,NA,24234.42
"532","2017","Toyota","Tacoma",32059.38,NA,32059.38
"533","2017","Toyota","Tundra",29837.6,NA,29837.6
"534","2017","Toyota","Yaris",18988,NA,18988
"535","2017","Volkswagen","Beetle",18531.25,NA,18531.25
"536","2017","Volkswagen","CC",13990,NA,13990
"537","2017","Volkswagen","E-Golf",15999,NA,15999
"538","2017","Volkswagen","GTI",21999,NA,21999
"539","2017","Volkswagen","Golf",16350.52,NA,16350.52
"540","2017","Volkswagen","Jetta",13669.2,NA,13669.2
"541","2017","Volkswagen","Passat",16238.2,NA,16238.2
"542","2017","Volkswagen","Tiguan",15500.61,NA,15500.61
"543","2017","Volkswagen","Touareg",22062.4,NA,22062.4
"544","2017","Volvo","S60",12995,NA,12995
"545","2017","Volvo","S90",31995,NA,31995
"546","2017","Volvo","V60",29747.5,NA,29747.5
"547","2017","Volvo","XC60",21995,NA,21995
"548","2017","Volvo","XC90",24346,NA,24346
"549","2017","smart","EQ",10999,NA,10999
"550","2017","smart","fortwo",12988,NA,12988
"551","2018","Acura","ILX",19673,NA,19673
"552","2018","Acura","MDX",30676.62,NA,30676.62
"553","2018","Acura","RDX",23922.81,NA,23922.81
"554","2018","Acura","RLX",28999,NA,28999
"555","2018","Acura","TLX",24825.58,NA,24825.58
"556","2018","Alfa","Romeo",30134.83,NA,30134.83
"557","2018","Audi","A3",22360.23,NA,22360.23
"558","2018","Audi","A4",23341.1,NA,23341.1
"559","2018","Audi","A5",25539.55,NA,25539.55
"560","2018","Audi","A6",28369,NA,28369
"561","2018","Audi","A7",36242.67,NA,36242.67
"562","2018","Audi","A8",69599,NA,69599
"563","2018","Audi","Q3",20488.16,NA,20488.16
"564","2018","Audi","Q5",23639.27,NA,23639.27
"565","2018","Audi","Q7",29490.51,NA,29490.51
"566","2018","Audi","RS",45690.31,NA,45690.31
"567","2018","Audi","S3",32375.4,NA,32375.4
"568","2018","Audi","S4",30914.6,NA,30914.6
"569","2018","Audi","S5",34198.04,NA,34198.04
"570","2018","Audi","S6",35910,NA,35910
"571","2018","Audi","S7",44888,NA,44888
"572","2018","Audi","SQ5",29651.55,NA,29651.55
"573","2018","Audi","TT",31941.5,NA,31941.5
"574","2018","BMW","2",28647.86,NA,28647.86
"575","2018","BMW","230",29982,NA,29982
"576","2018","BMW","230i",24000,NA,24000
"577","2018","BMW","3",25824.41,NA,25824.41
"578","2018","BMW","328",29995,NA,29995
"579","2018","BMW","328d",27071,NA,27071
"580","2018","BMW","330I",25767.2,NA,25767.2
"581","2018","BMW","330i",27724.75,NA,27724.75
"582","2018","BMW","340",37900,NA,37900
"583","2018","BMW","340i",34000,NA,34000
"584","2018","BMW","4",28430.59,NA,28430.59
"585","2018","BMW","4-Series",27998,NA,27998
"586","2018","BMW","430i",26495,NA,26495
"587","2018","BMW","440i",36950,NA,36950
"588","2018","BMW","5",33066.91,NA,33066.91
"589","2018","BMW","530",28500,NA,28500
"590","2018","BMW","540",37886,NA,37886
"591","2018","BMW","540I",32990,NA,32990
"592","2018","BMW","540i",42000,NA,42000
"593","2018","BMW","6",41521.67,NA,41521.67
"594","2018","BMW","640i",32888,NA,32888
"595","2018","BMW","7",54398.2,NA,54398.2
"596","2018","BMW","M2",52316.8,NA,52316.8
"597","2018","BMW","M3",75000,NA,75000
"598","2018","BMW","M4",67068.44,NA,67068.44
"599","2018","BMW","M5",73995,NA,73995
"600","2018","BMW","M550",38995,NA,38995
"601","2018","BMW","M6",72855,NA,72855
"602","2018","BMW","X1",19929.43,NA,19929.43
"603","2018","BMW","X2",23153.7,NA,23153.7
"604","2018","BMW","X3",27749.05,NA,27749.05
"605","2018","BMW","X4",28995,NA,28995
"606","2018","BMW","X5",33203.09,NA,33203.09
"607","2018","BMW","X6",40119.6,NA,40119.6
"608","2018","BMW","i3",23245,NA,23245
"609","2018","Bentley","Bentayga",148888.33,NA,148888.33
"610","2018","Bentley","Continental",250000,NA,250000
"611","2018","Bentley","Flying",163995,NA,163995
"612","2018","Buick","Enclave",18655,NA,18655
"613","2018","Buick","Encore",16915.17,NA,16915.17
"614","2018","Buick","Envision",20155,NA,20155
"615","2018","Buick","Regal",22995,NA,22995
"616","2018","Cadillac","ATS",19719.43,NA,19719.43
"617","2018","Cadillac","CT6",30145.33,NA,30145.33
"618","2018","Cadillac","Escalade",51348,NA,51348
"619","2018","Cadillac","XT5",23935.79,NA,23935.79
"620","2018","Cadillac","XTS",17888,NA,17888
"621","2018","Chevrolet","1500",14999,NA,14999
"622","2018","Chevrolet","Camaro",38111.83,NA,38111.83
"623","2018","Chevrolet","Colorado",24205.73,NA,24205.73
"624","2018","Chevrolet","Corvette",91443.5,NA,91443.5
"625","2018","Chevrolet","Cruze",14610,NA,14610
"626","2018","Chevrolet","Equinox",17249.33,NA,17249.33
"627","2018","Chevrolet","Impala",18191.6,NA,18191.6
"628","2018","Chevrolet","Malibu",17856.64,NA,17856.64
"629","2018","Chevrolet","Silverado",25020.13,NA,25020.13
"630","2018","Chevrolet","Sonic",12314.33,NA,12314.33
"631","2018","Chevrolet","Spark",12485.8,NA,12485.8
"632","2018","Chevrolet","Suburban",37296.33,NA,37296.33
"633","2018","Chevrolet","Tahoe",33574.75,NA,33574.75
"634","2018","Chevrolet","Traverse",20485.5,NA,20485.5
"635","2018","Chevrolet","Trax",17017.5,NA,17017.5
"636","2018","Chevrolet","Volt",17247,NA,17247
"637","2018","Chrysler","300",22234,NA,22234
"638","2018","Chrysler","Pacifica",25097.83,NA,25097.83
"639","2018","Dodge","150",19750,NA,19750
"640","2018","Dodge","Caravan",17947,NA,17947
"641","2018","Dodge","Challenger",59591.06,NA,59591.06
"642","2018","Dodge","Charger",20956.27,NA,20956.27
"643","2018","Dodge","Durango",27476.12,NA,27476.12
"644","2018","Dodge","Grand",18016.95,NA,18016.95
"645","2018","Dodge","Journey",17192.25,NA,17192.25
"646","2018","Dodge","RAM",23000,NA,23000
"647","2018","Dodge","Ram",43194,NA,43194
"648","2018","Ferrari","488",382444.33,NA,382444.33
"649","2018","Ferrari","GTC4Lusso",233955,NA,233955
"650","2018","Fiat","124",29995,NA,29995
"651","2018","Fiat","500",19989,NA,19989
"652","2018","Ford","EcoSport",NA,NA,NA
"653","2018","Ford","Edge",19332.68,NA,19332.68
"654","2018","Ford","Escape",15857.49,NA,15857.49
"655","2018","Ford","Expedition",42992,NA,42992
"656","2018","Ford","Explorer",23055.57,NA,23055.57
"657","2018","Ford","F-150",29925.83,NA,29925.83
"658","2018","Ford","F-350",48668.8,NA,48668.8
"659","2018","Ford","Flex",20274.4,NA,20274.4
"660","2018","Ford","Focus",16555.6,NA,16555.6
"661","2018","Ford","Fusion",18270.58,NA,18270.58
"662","2018","Ford","Mustang",26614.89,NA,26614.89
"663","2018","Ford","Taurus",18513.75,NA,18513.75
"664","2018","Ford","Transit",32090.26,NA,32090.26
"665","2018","GMC","3500",50000,NA,50000
"666","2018","GMC","Acadia",22855.1,NA,22855.1
"667","2018","GMC","Canyon",28444.91,NA,28444.91
"668","2018","GMC","SIERRA",54525,NA,54525
"669","2018","GMC","Savana",21214.5,NA,21214.5
"670","2018","GMC","Sierra",30167.64,NA,30167.64
"671","2018","GMC","Terrain",19572.5,NA,19572.5
"672","2018","GMC","Yukon",44184,NA,44184
"673","2018","Genesis","G80",27617.75,NA,27617.75
"674","2018","Genesis","G90",24999,NA,24999
"675","2018","Honda","Accord",22431.44,NA,22431.44
"676","2018","Honda","CR-V",22624.46,NA,22624.46
"677","2018","Honda","Civic",20217.79,NA,20217.79
"678","2018","Honda","Clarity",20188,NA,20188
"679","2018","Honda","Fit",19039,NA,19039
"680","2018","Honda","HR-V",20523.5,NA,20523.5
"681","2018","Honda","Odyssey",28120.3,NA,28120.3
"682","2018","Honda","Pilot",25045.5,NA,25045.5
"683","2018","Honda","Ridgeline",31242.1,NA,31242.1
"684","2018","Hyundai","Accent",16708.25,NA,16708.25
"685","2018","Hyundai","Elantra",14312.66,NA,14312.66
"686","2018","Hyundai","Genesis",23994,NA,23994
"687","2018","Hyundai","Ioniq",17197.5,NA,17197.5
"688","2018","Hyundai","Kona",16683.31,NA,16683.31
"689","2018","Hyundai","Santa",18709.15,NA,18709.15
"690","2018","Hyundai","Sonata",15659.83,NA,15659.83
"691","2018","Hyundai","Tucson",16638.69,NA,16638.69
"692","2018","Infiniti","Q50",22938.91,NA,22938.91
"693","2018","Infiniti","Q60",33000,NA,33000
"694","2018","Infiniti","QX30",28163.33,NA,28163.33
"695","2018","Infiniti","QX60",22047.78,NA,22047.78
"696","2018","Infiniti","QX80",33980,NA,33980
"697","2018","International","DuraStar",78400,NA,78400
"698","2018","Isuzu","NPR",59992,NA,59992
"699","2018","Isuzu","NPR-HD",75900,NA,75900
"700","2018","Isuzu","NQR",59987,NA,59987
"701","2018","Isuzu","NRR",60178.4,NA,60178.4
"702","2018","Jaguar","E-Pace",24764.33,NA,24764.33
"703","2018","Jaguar","F-Pace",25449.07,NA,25449.07
"704","2018","Jaguar","F-Type",54631,NA,54631
"705","2018","Jaguar","XE",15995,NA,15995
"706","2018","Jaguar","XF",17695,NA,17695
"707","2018","Jaguar","XJ",33294,NA,33294
"708","2018","Jeep","Cherokee",19928.83,NA,19928.83
"709","2018","Jeep","Compass",18916.64,NA,18916.64
"710","2018","Jeep","Grand",29601.43,NA,29601.43
"711","2018","Jeep","JK",32500,NA,32500
"712","2018","Jeep","Renegade",14995,NA,14995
"713","2018","Jeep","WRANGLER",30004.88,NA,30004.88
"714","2018","Jeep","Wrangler",28098.78,NA,28098.78
"715","2018","Karma","Revero",48443.5,NA,48443.5
"716","2018","Kia","Forte",12410.04,NA,12410.04
"717","2018","Kia","Niro",16905,NA,16905
"718","2018","Kia","Optima",14498.75,NA,14498.75
"719","2018","Kia","Rio",13050.6,NA,13050.6
"720","2018","Kia","Rio5",18999,NA,18999
"721","2018","Kia","Sedona",19619.88,NA,19619.88
"722","2018","Kia","Sorento",17140.46,NA,17140.46
"723","2018","Kia","Soul",14360.4,NA,14360.4
"724","2018","Kia","Sportage",19177.82,NA,19177.82
"725","2018","Kia","Stinger",27289.57,NA,27289.57
"726","2018","Lamborghini","Aventador",633262,NA,633262
"727","2018","Lamborghini","Huracan",298236,NA,298236
"728","2018","Land","Rover",36689.55,NA,36689.55
"729","2018","Lexus","ES",26637.67,NA,26637.67
"730","2018","Lexus","GS",36495,NA,36495
"731","2018","Lexus","GX",42999,NA,42999
"732","2018","Lexus","IS",29978.15,NA,29978.15
"733","2018","Lexus","LC",74800,NA,74800
"734","2018","Lexus","LS",46900,NA,46900
"735","2018","Lexus","LX",85998,NA,85998
"736","2018","Lexus","NX",30271.11,NA,30271.11
"737","2018","Lexus","RC",38473,NA,38473
"738","2018","Lexus","RX",36480.47,NA,36480.47
"739","2018","Lincoln","Continental",33399,NA,33399
"740","2018","Lincoln","Limousine",69000,NA,69000
"741","2018","Lincoln","MKC",22228.67,NA,22228.67
"742","2018","Lincoln","MKT",23989.5,NA,23989.5
"743","2018","Lincoln","MKX",24961.33,NA,24961.33
"744","2018","Lincoln","MKZ",20476.33,NA,20476.33
"745","2018","Lincoln","Navigator",42714.25,NA,42714.25
"746","2018","MINI","3",18864.5,NA,18864.5
"747","2018","MINI","5",22660,NA,22660
"748","2018","MINI","Clubman",15155,NA,15155
"749","2018","MINI","Cooper",20589.21,NA,20589.21
"750","2018","MINI","Countryman",23457.4,NA,23457.4
"751","2018","Maserati","Ghibli",40944.33,NA,40944.33
"752","2018","Maserati","GranTurismo",108900,NA,108900
"753","2018","Maserati","Levante",38160.67,NA,38160.67
"754","2018","Maserati","Quattroporte",59899,NA,59899
"755","2018","Mazda","CX-3",19436.14,NA,19436.14
"756","2018","Mazda","CX-5",21174.53,NA,21174.53
"757","2018","Mazda","CX-9",23790.33,NA,23790.33
"758","2018","Mazda","MX-5",27661.75,NA,27661.75
"759","2018","Mazda","Mazda3",16362.75,NA,16362.75
"760","2018","Mazda","Mazda5",21000,NA,21000
"761","2018","Mazda","Mazda6",20065,NA,20065
"762","2018","McLaren","540C",178000,NA,178000
"763","2018","McLaren","570S",184994.5,NA,184994.5
"764","2018","McLaren","720S",274164,NA,274164
"765","2018","Mercedes-AMG","2018",43166.67,NA,43166.67
"766","2018","Mercedes-Benz","2018",39600.95,NA,39600.95
"767","2018","Mitsubishi","Eclipse",16133.14,NA,16133.14
"768","2018","Mitsubishi","Mirage",11296.6,NA,11296.6
"769","2018","Mitsubishi","Outlander",18755.16,NA,18755.16
"770","2018","Mitsubishi","RVR",16485.4,NA,16485.4
"771","2018","Nissan","370Z",33157,NA,33157
"772","2018","Nissan","Altima",15885.05,NA,15885.05
"773","2018","Nissan","Armada",31492.5,NA,31492.5
"774","2018","Nissan","Cargo",17995,NA,17995
"775","2018","Nissan","Frontier",19733.75,NA,19733.75
"776","2018","Nissan","Kicks",17247.44,NA,17247.44
"777","2018","Nissan","LEAF",16760.95,NA,16760.95
"778","2018","Nissan","Maxima",26575.73,NA,26575.73
"779","2018","Nissan","Micra",10399,NA,10399
"780","2018","Nissan","Murano",21191.71,NA,21191.71
"781","2018","Nissan","NV",32068,NA,32068
"782","2018","Nissan","NV200",9875,NA,9875
"783","2018","Nissan","Pathfinder",19425.48,NA,19425.48
"784","2018","Nissan","Qashqai",16515.2,NA,16515.2
"785","2018","Nissan","Rogue",17524.58,NA,17524.58
"786","2018","Nissan","Sentra",12331.57,NA,12331.57
"787","2018","Nissan","Titan",31323.54,NA,31323.54
"788","2018","Nissan","Versa",10873.64,NA,10873.64
"789","2018","Porsche","718",78761.38,NA,78761.38
"790","2018","Porsche","911",172285.75,NA,172285.75
"791","2018","Porsche","Cayenne",44331.57,NA,44331.57
"792","2018","Porsche","Macan",37642.21,NA,37642.21
"793","2018","Porsche","Panamera",70168.75,NA,70168.75
"794","2018","Ram","1500",25401.79,NA,25401.79
"795","2018","Ram","2500",50930.86,NA,50930.86
"796","2018","Ram","3500",54772.6,NA,54772.6
"797","2018","Ram","ProMaster",24091.43,NA,24091.43
"798","2018","Ram","Promaster",27888,NA,27888
"799","2018","Rolls-Royce","2018",249998,NA,249998
"800","2018","Subaru","BRZ",29330,NA,29330
"801","2018","Subaru","Crosstrek",19254.36,NA,19254.36
"802","2018","Subaru","Forester",18602.95,NA,18602.95
"803","2018","Subaru","Impreza",21555.25,NA,21555.25
"804","2018","Subaru","Legacy",19425.2,NA,19425.2
"805","2018","Subaru","Outback",22799.88,NA,22799.88
"806","2018","Subaru","STi",25880,NA,25880
"807","2018","Subaru","WRX",24622.13,NA,24622.13
"808","2018","Suzuki","Aerio",4950,NA,4950
"809","2018","Tesla","Model",32149.61,NA,32149.61
"810","2018","Toyota","4Runner",39309.71,NA,39309.71
"811","2018","Toyota","Avalon",20990,NA,20990
"812","2018","Toyota","C-HR",19772.17,NA,19772.17
"813","2018","Toyota","Camry",23849.49,NA,23849.49
"814","2018","Toyota","Corolla",17886.2,NA,17886.2
"815","2018","Toyota","Highlander",31638.52,NA,31638.52
"816","2018","Toyota","Prius",22414.36,NA,22414.36
"817","2018","Toyota","RAV4",24044.25,NA,24044.25
"818","2018","Toyota","Sequoia",30885,NA,30885
"819","2018","Toyota","Sienna",30421.95,NA,30421.95
"820","2018","Toyota","Tacoma",36664.82,NA,36664.82
"821","2018","Toyota","Tundra",37718.4,NA,37718.4
"822","2018","Toyota","Yaris",17657.27,NA,17657.27
"823","2018","Volkswagen","Atlas",24042.07,NA,24042.07
"824","2018","Volkswagen","Beetle",22732.2,NA,22732.2
"825","2018","Volkswagen","E-Golf",15996.33,NA,15996.33
"826","2018","Volkswagen","Golf",19978.56,NA,19978.56
"827","2018","Volkswagen","Passat",16198,NA,16198
"828","2018","Volkswagen","Tiguan",19943.42,NA,19943.42
"829","2018","Volvo","S90",28947.5,NA,28947.5
"830","2018","Volvo","V60",24662,NA,24662
"831","2018","Volvo","XC60",21997,NA,21997
"832","2018","Volvo","XC90",27653.69,NA,27653.69
"833","2018","smart","fortwo",12900,NA,12900
"834","2019","Acura","ILX",25079,NA,25079
"835","2019","Acura","MDX",31956.55,NA,31956.55
"836","2019","Acura","NSX",179995,NA,179995
"837","2019","Acura","RDX",29398.87,NA,29398.87
"838","2019","Acura","TLX",26912.89,NA,26912.89
"839","2019","Alfa","Romeo",38381.29,NA,38381.29
"840","2019","Aston","Martin",286412.57,NA,286412.57
"841","2019","Audi","A3",22735.36,NA,22735.36
"842","2019","Audi","A4",25577.1,NA,25577.1
"843","2019","Audi","A5",30921.71,NA,30921.71
"844","2019","Audi","A6",38713.64,NA,38713.64
"845","2019","Audi","A7",43708.8,NA,43708.8
"846","2019","Audi","A8",55899.5,NA,55899.5
"847","2019","Audi","Q3",25958,NA,25958
"848","2019","Audi","Q5",26951.26,NA,26951.26
"849","2019","Audi","Q7",34368.7,NA,34368.7
"850","2019","Audi","Q8",46458.71,NA,46458.71
"851","2019","Audi","RS",54640.38,NA,54640.38
"852","2019","Audi","S3",38900,NA,38900
"853","2019","Audi","S4",37506,NA,37506
"854","2019","Audi","S5",39944.71,NA,39944.71
"855","2019","Audi","SQ5",35863.5,NA,35863.5
"856","2019","Audi","TT",57497.5,NA,57497.5
"857","2019","Audi","TTS",54888,NA,54888
"858","2019","Audi","e-tron",33867.5,NA,33867.5
"859","2019","BMW","2",34753,NA,34753
"860","2019","BMW","3",29904,NA,29904
"861","2019","BMW","330I",30817.67,NA,30817.67
"862","2019","BMW","330i",31500,NA,31500
"863","2019","BMW","4",31702.95,NA,31702.95
"864","2019","BMW","4-Series",32249,NA,32249
"865","2019","BMW","440",36626.67,NA,36626.67
"866","2019","BMW","440i",42444,NA,42444
"867","2019","BMW","5",41828.75,NA,41828.75
"868","2019","BMW","540",44992,NA,44992
"869","2019","BMW","6",47497,NA,47497
"870","2019","BMW","7",44881.5,NA,44881.5
"871","2019","BMW","8",76900,NA,76900
"872","2019","BMW","M2",45995,NA,45995
"873","2019","BMW","M240",41399,NA,41399
"874","2019","BMW","M4",64829.33,NA,64829.33
"875","2019","BMW","M5",76789.17,NA,76789.17
"876","2019","BMW","X1",25127.82,NA,25127.82
"877","2019","BMW","X2",27809.33,NA,27809.33
"878","2019","BMW","X3",27720.86,NA,27720.86
"879","2019","BMW","X4",37090.6,NA,37090.6
"880","2019","BMW","X5",42854.74,NA,42854.74
"881","2019","BMW","X6",42936.5,NA,42936.5
"882","2019","BMW","X7",57065.5,NA,57065.5
"883","2019","BMW","Z4",49481,NA,49481
"884","2019","BMW","i3",34489.5,NA,34489.5
"885","2019","BMW","i8",108419,NA,108419
"886","2019","Bentley","Bentayga",112888,NA,112888
"887","2019","Buick","Enclave",28500,NA,28500
"888","2019","Buick","Encore",19118.09,NA,19118.09
"889","2019","Buick","Envision",23154.85,NA,23154.85
"890","2019","Buick","Regal",22826.33,NA,22826.33
"891","2019","Cadillac","CT6",92500,NA,92500
"892","2019","Cadillac","CT6-V",92500,NA,92500
"893","2019","Cadillac","CTS",30294.5,NA,30294.5
"894","2019","Cadillac","Escalade",52193.7,NA,52193.7
"895","2019","Cadillac","XT4",27077.25,NA,27077.25
"896","2019","Cadillac","XT5",27710.75,NA,27710.75
"897","2019","Cadillac","XTS",13990,NA,13990
"898","2019","Chevrolet","1500",22000,NA,22000
"899","2019","Chevrolet","Blazer",25983.25,NA,25983.25
"900","2019","Chevrolet","Bolt",20594.5,NA,20594.5
"901","2019","Chevrolet","Camaro",40739.11,NA,40739.11
"902","2019","Chevrolet","ChevroletExpress_4500",61800,NA,61800
"903","2019","Chevrolet","Colorado",24979.38,NA,24979.38
"904","2019","Chevrolet","Corvette",104111.11,NA,104111.11
"905","2019","Chevrolet","Cruze",15907.77,NA,15907.77
"906","2019","Chevrolet","Equinox",20313.73,NA,20313.73
"907","2019","Chevrolet","Impala",22947.5,NA,22947.5
"908","2019","Chevrolet","Malibu",19618.55,NA,19618.55
"909","2019","Chevrolet","SILVERADO",40192,NA,40192
"910","2019","Chevrolet","Silverado",36030.76,NA,36030.76
"911","2019","Chevrolet","Spark",16964.33,NA,16964.33
"912","2019","Chevrolet","Suburban",68999,NA,68999
"913","2019","Chevrolet","Tahoe",40559.62,NA,40559.62
"914","2019","Chevrolet","Traverse",28767.47,NA,28767.47
"915","2019","Chevrolet","Trax",16762.25,NA,16762.25
"916","2019","Chevrolet","Volt",17656.25,NA,17656.25
"917","2019","Chrysler","300",21275.6,NA,21275.6
"918","2019","Chrysler","Pacifica",29171.27,NA,29171.27
"919","2019","Dodge","Caravan",8900,NA,8900
"920","2019","Dodge","Challenger",49861.87,NA,49861.87
"921","2019","Dodge","Charger",27447.55,NA,27447.55
"922","2019","Dodge","Durango",29092.17,NA,29092.17
"923","2019","Dodge","Grand",22147.33,NA,22147.33
"924","2019","Dodge","Journey",17449,NA,17449
"925","2019","Dodge","RAM",38000,NA,38000
"926","2019","Ferrari","488",389910,NA,389910
"927","2019","Ferrari","812",469000,NA,469000
"928","2019","Ferrari","GTC4Lusso",269987,NA,269987
"929","2019","Ferrari","Portofino",241276.86,NA,241276.86
"930","2019","Fiat","124",25555.5,NA,25555.5
"931","2019","Ford","E-Series",33467.75,NA,33467.75
"932","2019","Ford","EcoSport",17102.59,NA,17102.59
"933","2019","Ford","Edge",21667.1,NA,21667.1
"934","2019","Ford","Escape",17954.52,NA,17954.52
"935","2019","Ford","Expedition",39425,NA,39425
"936","2019","Ford","Explorer",23938.2,NA,23938.2
"937","2019","Ford","F-150",33373.87,NA,33373.87
"938","2019","Ford","F-250",44631.2,NA,44631.2
"939","2019","Ford","F-350",42498,NA,42498
"940","2019","Ford","Fiesta",23995,NA,23995
"941","2019","Ford","Flex",21636.33,NA,21636.33
"942","2019","Ford","Fusion",19470.59,NA,19470.59
"943","2019","Ford","Mustang",41627.67,NA,41627.67
"944","2019","Ford","Police",16800,NA,16800
"945","2019","Ford","Ranger",31726.08,NA,31726.08
"946","2019","Ford","Super",59800,NA,59800
"947","2019","Ford","Transit",38922.52,NA,38922.52
"948","2019","Freightliner","M2-106",108800,NA,108800
"949","2019","GMC","Acadia",26562.36,NA,26562.36
"950","2019","GMC","Canyon",27151.67,NA,27151.67
"951","2019","GMC","SIERRA",41665.67,NA,41665.67
"952","2019","GMC","Savana",31162.2,NA,31162.2
"953","2019","GMC","Sierra",NA,NA,NA
"954","2019","GMC","Terrain",21337.08,NA,21337.08
"955","2019","GMC","Yukon",62433,NA,62433
"956","2019","Genesis","G70",26811.11,NA,26811.11
"957","2019","Genesis","G80",27900,NA,27900
"958","2019","Honda","Accord",25026.95,NA,25026.95
"959","2019","Honda","CR-V",25600.72,NA,25600.72
"960","2019","Honda","Civic",22051.67,NA,22051.67
"961","2019","Honda","Clarity",22497.5,NA,22497.5
"962","2019","Honda","Fit",23681.44,NA,23681.44
"963","2019","Honda","HR-V",24468.7,NA,24468.7
"964","2019","Honda","Insight",23331.67,NA,23331.67
"965","2019","Honda","Odyssey",30990.63,NA,30990.63
"966","2019","Honda","Passport",29604,NA,29604
"967","2019","Honda","Pilot",30899.41,NA,30899.41
"968","2019","Honda","Ridgeline",33640.65,NA,33640.65
"969","2019","Hyundai","Accent",14941.91,NA,14941.91
"970","2019","Hyundai","Elantra",16708.88,NA,16708.88
"971","2019","Hyundai","Elantra?",12988,NA,12988
"972","2019","Hyundai","IONIQ",18888,NA,18888
"973","2019","Hyundai","Ioniq",18721.67,NA,18721.67
"974","2019","Hyundai","Kona",19994.63,NA,19994.63
"975","2019","Hyundai","Santa",20786.41,NA,20786.41
"976","2019","Hyundai","Sonata",16387.5,NA,16387.5
"977","2019","Hyundai","Tucson",20245.22,NA,20245.22
"978","2019","Hyundai","Veloster",17352.12,NA,17352.12
"979","2019","Infiniti","Q50",28224.38,NA,28224.38
"980","2019","Infiniti","Q60",32670.75,NA,32670.75
"981","2019","Infiniti","Q70L",30988,NA,30988
"982","2019","Infiniti","QX50",25652.56,NA,25652.56
"983","2019","Infiniti","QX60",22818.22,NA,22818.22
"984","2019","Infiniti","QX80",35974,NA,35974
"985","2019","International","DuraStar",99900,NA,99900
"986","2019","Isuzu","NRR",45493.5,NA,45493.5
"987","2019","Jaguar","F-Pace",28471.43,NA,28471.43
"988","2019","Jaguar","F-Type",87777,NA,87777
"989","2019","Jaguar","I-Pace",36998,NA,36998
"990","2019","Jaguar","XF",26888,NA,26888
"991","2019","Jaguar","XJ",39820,NA,39820
"992","2019","Jeep","Cherokee",21543.09,NA,21543.09
"993","2019","Jeep","Compass",21369.31,NA,21369.31
"994","2019","Jeep","Grand",28770.07,NA,28770.07
"995","2019","Jeep","Renegade",22657.5,NA,22657.5
"996","2019","Jeep","WRANGLER",34661.17,NA,34661.17
"997","2019","Jeep","Wrangler",31108,NA,31108
"998","2019","Kia","Forte",17062.78,NA,17062.78
"999","2019","Kia","Niro",21608.71,NA,21608.71
"1000","2019","Kia","Optima",16420.38,NA,16420.38
"1001","2019","Kia","Rio",18407.57,NA,18407.57
"1002","2019","Kia","Sedona",17122.2,NA,17122.2
"1003","2019","Kia","Sorento",20296.78,NA,20296.78
"1004","2019","Kia","Soul",16343.68,NA,16343.68
"1005","2019","Kia","Sportage",19469.82,NA,19469.82
"1006","2019","Kia","Stinger",28308.5,NA,28308.5
"1007","2019","Lamborghini","Aventador",999998.5,NA,999998.5
"1008","2019","Lamborghini","Urus",207239.33,NA,207239.33
"1009","2019","Land","Rover",45985.34,NA,45985.34
"1010","2019","Lexus","ES",37215.78,NA,37215.78
"1011","2019","Lexus","GS",45898,NA,45898
"1012","2019","Lexus","GX",46947.5,NA,46947.5
"1013","2019","Lexus","IS",33276.67,NA,33276.67
"1014","2019","Lexus","NX",34144.62,NA,34144.62
"1015","2019","Lexus","RC",32455,NA,32455
"1016","2019","Lexus","RX",36586.54,NA,36586.54
"1017","2019","Lexus","UX",32278.43,NA,32278.43
"1018","2019","Lincoln","MKC",23244.67,NA,23244.67
"1019","2019","Lincoln","MKZ",22990,NA,22990
"1020","2019","Lincoln","Nautilus",26902.1,NA,26902.1
"1021","2019","Lincoln","Navigator",40267.75,NA,40267.75
"1022","2019","MINI","3",21270,NA,21270
"1023","2019","MINI","5",20120,NA,20120
"1024","2019","MINI","COOPER",19888,NA,19888
"1025","2019","MINI","Clubman",17990,NA,17990
"1026","2019","MINI","Convertible",28858.33,NA,28858.33
"1027","2019","MINI","Cooper",21493,NA,21493
"1028","2019","MINI","Countryman",22527.67,NA,22527.67
"1029","2019","Maserati","Ghibli",53066.5,NA,53066.5
"1030","2019","Maserati","Levante",53672.8,NA,53672.8
"1031","2019","Maserati","Quattroporte",61995,NA,61995
"1032","2019","Mazda","CX-3",20091.94,NA,20091.94
"1033","2019","Mazda","CX-5",25037.98,NA,25037.98
"1034","2019","Mazda","CX-9",28311.93,NA,28311.93
"1035","2019","Mazda","MX-5",36000,NA,36000
"1036","2019","Mazda","Mazda3",20248.88,NA,20248.88
"1037","2019","Mazda","Mazda6",22473.25,NA,22473.25
"1038","2019","McLaren","570S",222558.67,NA,222558.67
"1039","2019","McLaren","600LT",282944,NA,282944
"1040","2019","McLaren","720S",299999,NA,299999
"1041","2019","McLaren","Senna",1420000,NA,1420000
"1042","2019","Mercedes-AMG","2019",102450,NA,102450
"1043","2019","Mercedes-Benz","2019",NA,NA,NA
"1044","2019","Mini","Convertible",25248,NA,25248
"1045","2019","Mitsubishi","Eclipse",20796.67,NA,20796.67
"1046","2019","Mitsubishi","Mirage",8744.5,NA,8744.5
"1047","2019","Mitsubishi","Outlander",22003.14,NA,22003.14
"1048","2019","Mitsubishi","RVR",17486.6,NA,17486.6
"1049","2019","Nissan","Altima",21338.31,NA,21338.31
"1050","2019","Nissan","Armada",34900,NA,34900
"1051","2019","Nissan","FRONTIER",29998,NA,29998
"1052","2019","Nissan","Frontier",24849.89,NA,24849.89
"1053","2019","Nissan","GT-R",175000,NA,175000
"1054","2019","Nissan","Kicks",17500.79,NA,17500.79
"1055","2019","Nissan","LEAF",18202.25,NA,18202.25
"1056","2019","Nissan","Maxima",25160.5,NA,25160.5
"1057","2019","Nissan","Micra",13422.44,NA,13422.44
"1058","2019","Nissan","Murano",23070.82,NA,23070.82
"1059","2019","Nissan","NV200",21994.5,NA,21994.5
"1060","2019","Nissan","Pathfinder",22185.13,NA,22185.13
"1061","2019","Nissan","Qashqai",17808.05,NA,17808.05
"1062","2019","Nissan","Rogue",19331.35,NA,19331.35
"1063","2019","Nissan","Sentra",15571.95,NA,15571.95
"1064","2019","Nissan","Titan",34363.33,NA,34363.33
"1065","2019","Nissan","Versa",14853.25,NA,14853.25
"1066","2019","Porsche","718",82702.86,NA,82702.86
"1067","2019","Porsche","911",235265.1,NA,235265.1
"1068","2019","Porsche","Cayenne",59025.37,NA,59025.37
"1069","2019","Porsche","Macan",42312.12,NA,42312.12
"1070","2019","Porsche","Panamera",103941.5,NA,103941.5
"1071","2019","Ram","1500",NA,NA,NA
"1072","2019","Ram","2500",50249.78,NA,50249.78
"1073","2019","Ram","3500",55233.33,NA,55233.33
"1074","2019","Ram","ProMaster",30072,NA,30072
"1075","2019","Ram","Promaster",35941.5,NA,35941.5
"1076","2019","Rolls-Royce","2019",377171.5,NA,377171.5
"1077","2019","Subaru","Ascent",26606.33,NA,26606.33
"1078","2019","Subaru","BRZ",25193.8,NA,25193.8
"1079","2019","Subaru","Crosstrek",23460.05,NA,23460.05
"1080","2019","Subaru","Forester",22557.3,NA,22557.3
"1081","2019","Subaru","Impreza",19777.29,NA,19777.29
"1082","2019","Subaru","Legacy",18919,NA,18919
"1083","2019","Subaru","Outback",23794.87,NA,23794.87
"1084","2019","Subaru","WRX",31339.46,NA,31339.46
"1085","2019","Tesla","Model",32083.24,NA,32083.24
"1086","2019","Toyota","4Runner",41058.33,NA,41058.33
"1087","2019","Toyota","86",28348.5,NA,28348.5
"1088","2019","Toyota","Avalon",32394.8,NA,32394.8
"1089","2019","Toyota","C-HR",21338.39,NA,21338.39
"1090","2019","Toyota","Camry",26184.57,NA,26184.57
"1091","2019","Toyota","Corolla",20591.16,NA,20591.16
"1092","2019","Toyota","Highlander",32975.84,NA,32975.84
"1093","2019","Toyota","Prius",23758.53,NA,23758.53
"1094","2019","Toyota","RAV4",29822.92,NA,29822.92
"1095","2019","Toyota","Sienna",35182.12,NA,35182.12
"1096","2019","Toyota","Tacoma",40252.78,NA,40252.78
"1097","2019","Toyota","Tundra",43504.33,NA,43504.33
"1098","2019","Toyota","Yaris",17466.25,NA,17466.25
"1099","2019","Volkswagen","Arteon",24752.2,NA,24752.2
"1100","2019","Volkswagen","Atlas",27569.84,NA,27569.84
"1101","2019","Volkswagen","Beetle",26584,NA,26584
"1102","2019","Volkswagen","E-Golf",20941.5,NA,20941.5
"1103","2019","Volkswagen","GTI",26997.5,NA,26997.5
"1104","2019","Volkswagen","Golf",24243.85,NA,24243.85
"1105","2019","Volkswagen","Jetta",19027.89,NA,19027.89
"1106","2019","Volkswagen","Passat",14995,NA,14995
"1107","2019","Volkswagen","Tiguan",20882.62,NA,20882.62
"1108","2019","Volvo","S60",26674.64,NA,26674.64
"1109","2019","Volvo","V60",31919,NA,31919
"1110","2019","Volvo","XC40",29396,NA,29396
"1111","2019","Volvo","XC60",27612.2,NA,27612.2
"1112","2019","Volvo","XC90",33662.69,NA,33662.69
"1113","2020","Acura","ILX",25995,NA,25995
"1114","2020","Acura","MDX",31496.33,NA,31496.33
"1115","2020","Acura","RDX",32218.22,NA,32218.22
"1116","2020","Acura","TLX",28264.33,NA,28264.33
"1117","2020","Alfa","Romeo",48360,NA,48360
"1118","2020","Audi","A3",29490.2,NA,29490.2
"1119","2020","Audi","A4",29413.7,NA,29413.7
"1120","2020","Audi","A5",38636.89,NA,38636.89
"1121","2020","Audi","A6",33985,NA,33985
"1122","2020","Audi","A7",48898,NA,48898
"1123","2020","Audi","Q3",28982.69,NA,28982.69
"1124","2020","Audi","Q5",30491.71,NA,30491.71
"1125","2020","Audi","Q7",47662,NA,47662
"1126","2020","Audi","Q8",54271.83,NA,54271.83
"1127","2020","Audi","R8",239217,NA,239217
"1128","2020","Audi","RS",58800,NA,58800
"1129","2020","Audi","S3",34196,NA,34196
"1130","2020","Audi","S4",39888,NA,39888
"1131","2020","Audi","S5",46340.29,NA,46340.29
"1132","2020","BMW","2",30888,NA,30888
"1133","2020","BMW","228",27980,NA,27980
"1134","2020","BMW","230",32800,NA,32800
"1135","2020","BMW","3",37160.79,NA,37160.79
"1136","2020","BMW","330I",32991,NA,32991
"1137","2020","BMW","330i",31166.33,NA,31166.33
"1138","2020","BMW","4",34294,NA,34294
"1139","2020","BMW","5",42965.57,NA,42965.57
"1140","2020","BMW","530i",28888,NA,28888
"1141","2020","BMW","7",69710.8,NA,69710.8
"1142","2020","BMW","8",68137,NA,68137
"1143","2020","BMW","8-Series",72888,NA,72888
"1144","2020","BMW","M2",84588.67,NA,84588.67
"1145","2020","BMW","M4",86363.25,NA,86363.25
"1146","2020","BMW","M8",104394,NA,104394
"1147","2020","BMW","X1",26227.71,NA,26227.71
"1148","2020","BMW","X3",41031.1,NA,41031.1
"1149","2020","BMW","X4",45618.5,NA,45618.5
"1150","2020","BMW","X5",47696.7,NA,47696.7
"1151","2020","BMW","X6",75571.83,NA,75571.83
"1152","2020","BMW","X7",57998,NA,57998
"1153","2020","BMW","Z4",68500,NA,68500
"1154","2020","BMW","i8",139000,NA,139000
"1155","2020","Bentley","Bentayga",129999,NA,129999
"1156","2020","Bentley","Continental",262633.33,NA,262633.33
"1157","2020","Buick","Encore",20072.22,NA,20072.22
"1158","2020","Cadillac","Escalade",64907.33,NA,64907.33
"1159","2020","Cadillac","XT4",28993.5,NA,28993.5
"1160","2020","Cadillac","XT5",31987,NA,31987
"1161","2020","Cadillac","XT6",33824.75,NA,33824.75
"1162","2020","Chevrolet","1500",44000,NA,44000
"1163","2020","Chevrolet","Blazer",33660.25,NA,33660.25
"1164","2020","Chevrolet","Camaro",44893.67,NA,44893.67
"1165","2020","Chevrolet","Cargo",28745,NA,28745
"1166","2020","Chevrolet","Colorado",25326,NA,25326
"1167","2020","Chevrolet","Corvette",93535.88,NA,93535.88
"1168","2020","Chevrolet","Equinox",23544.6,NA,23544.6
"1169","2020","Chevrolet","Fleetmaster",38888,NA,38888
"1170","2020","Chevrolet","Malibu",21330.17,NA,21330.17
"1171","2020","Chevrolet","SILVERADO",49897.5,NA,49897.5
"1172","2020","Chevrolet","Silverado",39968.87,NA,39968.87
"1173","2020","Chevrolet","Spark",18154.17,NA,18154.17
"1174","2020","Chevrolet","Suburban",49995,NA,49995
"1175","2020","Chevrolet","Tahoe",39266,NA,39266
"1176","2020","Chevrolet","Traverse",29497.67,NA,29497.67
"1177","2020","Chevrolet","Trax",16419,NA,16419
"1178","2020","Chrysler","300",21888,NA,21888
"1179","2020","Chrysler","Pacifica",23900,NA,23900
"1180","2020","Dodge","Challenger",67576.4,NA,67576.4
"1181","2020","Dodge","Charger",40421.75,NA,40421.75
"1182","2020","Dodge","Durango",34410.86,NA,34410.86
"1183","2020","Dodge","Grand",27068.07,NA,27068.07
"1184","2020","Dodge","RAM",43500,NA,43500
"1185","2020","Dodge","Ram",45250,NA,45250
"1186","2020","Ferrari","812",520000,NA,520000
"1187","2020","Ferrari","F8",399999,NA,399999
"1188","2020","Fiat","124",31000,NA,31000
"1189","2020","Ford","EcoSport",21256.6,NA,21256.6
"1190","2020","Ford","Edge",25820.38,NA,25820.38
"1191","2020","Ford","Escape",21425.6,NA,21425.6
"1192","2020","Ford","Expedition",59888.5,NA,59888.5
"1193","2020","Ford","Explorer",30888.33,NA,30888.33
"1194","2020","Ford","F-150",33751.71,NA,33751.71
"1195","2020","Ford","F-250",39491.5,NA,39491.5
"1196","2020","Ford","F-350",56663.33,NA,56663.33
"1197","2020","Ford","Fusion",22234.9,NA,22234.9
"1198","2020","Ford","Mustang",72050.56,NA,72050.56
"1199","2020","Ford","Police",15999,NA,15999
"1200","2020","Ford","Ranger",32836.09,NA,32836.09
"1201","2020","Ford","Transit",39772.35,NA,39772.35
"1202","2020","Freightliner","M2-106",99800,NA,99800
"1203","2020","GMC","Acadia",26495,NA,26495
"1204","2020","GMC","Canyon",26194,NA,26194
"1205","2020","GMC","SIERRA",66997.5,NA,66997.5
"1206","2020","GMC","Savana",33997.5,NA,33997.5
"1207","2020","GMC","Sierra",41364.56,NA,41364.56
"1208","2020","GMC","Terrain",26146.33,NA,26146.33
"1209","2020","Genesis","G70",28636,NA,28636
"1210","2020","Hino","155",86800,NA,86800
"1211","2020","Hino","195",81140,NA,81140
"1212","2020","Honda","Accord",28602.23,NA,28602.23
"1213","2020","Honda","CR-V",28693.18,NA,28693.18
"1214","2020","Honda","Civic",25400.28,NA,25400.28
"1215","2020","Honda","Clarity",26807,NA,26807
"1216","2020","Honda","HR-V",21808.25,NA,21808.25
"1217","2020","Honda","Insight",28800,NA,28800
"1218","2020","Honda","Odyssey",38829.58,NA,38829.58
"1219","2020","Honda","Pilot",29510.85,NA,29510.85
"1220","2020","Honda","Ridgeline",34592,NA,34592
"1221","2020","Honda","SXS",16499,NA,16499
"1222","2020","Hyundai","Accent",17245,NA,17245
"1223","2020","Hyundai","Elantra",18340.94,NA,18340.94
"1224","2020","Hyundai","Ioniq",21719.75,NA,21719.75
"1225","2020","Hyundai","Kona",22035.33,NA,22035.33
"1226","2020","Hyundai","Palisade",34305.67,NA,34305.67
"1227","2020","Hyundai","Santa",22747.38,NA,22747.38
"1228","2020","Hyundai","Sonata",22966.88,NA,22966.88
"1229","2020","Hyundai","Tucson",24684.58,NA,24684.58
"1230","2020","Hyundai","Veloster",22495,NA,22495
"1231","2020","Hyundai","Venue",15933,NA,15933
"1232","2020","Infiniti","Q50",29241,NA,29241
"1233","2020","Infiniti","Q60",37995,NA,37995
"1234","2020","Infiniti","QX50",28997,NA,28997
"1235","2020","Infiniti","QX60",26224.25,NA,26224.25
"1236","2020","Infiniti","QX80",53999.5,NA,53999.5
"1237","2020","Isuzu","NRR",76800,NA,76800
"1238","2020","Jaguar","E-Pace",32960,NA,32960
"1239","2020","Jaguar","F-Pace",34897.2,NA,34897.2
"1240","2020","Jaguar","F-Type",88777,NA,88777
"1241","2020","Jeep","Cherokee",22608.5,NA,22608.5
"1242","2020","Jeep","Compass",23988,NA,23988
"1243","2020","Jeep","Gladiator",42011.5,NA,42011.5
"1244","2020","Jeep","Grand",36228.42,NA,36228.42
"1245","2020","Jeep","WRANGLER",41795.5,NA,41795.5
"1246","2020","Jeep","Wrangler",36492.8,NA,36492.8
"1247","2020","Kia","Forte",17475.5,NA,17475.5
"1248","2020","Kia","Forte5",19702.33,NA,19702.33
"1249","2020","Kia","Rio",13997.5,NA,13997.5
"1250","2020","Kia","Sedona",25732.14,NA,25732.14
"1251","2020","Kia","Sorento",23772.57,NA,23772.57
"1252","2020","Kia","Soul",18095.32,NA,18095.32
"1253","2020","Kia","Sportage",23540.5,NA,23540.5
"1254","2020","Kia","Stinger",34750,NA,34750
"1255","2020","Kia","Telluride",30471.67,NA,30471.67
"1256","2020","Lamborghini","Aventador",1499900,NA,1499900
"1257","2020","Lamborghini","Huracan",352371.5,NA,352371.5
"1258","2020","Lamborghini","Urus",249999,NA,249999
"1259","2020","Land","Rover",46893.5,NA,46893.5
"1260","2020","Lexus","ES",34562.33,NA,34562.33
"1261","2020","Lexus","IS",36463.33,NA,36463.33
"1262","2020","Lexus","NX",34283.5,NA,34283.5
"1263","2020","Lexus","RX",39396.7,NA,39396.7
"1264","2020","Lexus","UX",29960,NA,29960
"1265","2020","Lincoln","Aviator",35755.33,NA,35755.33
"1266","2020","Lincoln","Corsair",29898,NA,29898
"1267","2020","Lincoln","MKZ",20000,NA,20000
"1268","2020","Lincoln","Nautilus",33999,NA,33999
"1269","2020","MINI","3",19400,NA,19400
"1270","2020","MINI","COOPER",27950,NA,27950
"1271","2020","MINI","Clubman",22233,NA,22233
"1272","2020","MINI","Cooper",24990,NA,24990
"1273","2020","MINI","Countryman",24028.33,NA,24028.33
"1274","2020","Maserati","Levante",58221.1,NA,58221.1
"1275","2020","Maserati","Quattroporte",51800,NA,51800
"1276","2020","Mazda","CX-3",22743.25,NA,22743.25
"1277","2020","Mazda","CX-30",21825,NA,21825
"1278","2020","Mazda","CX-5",22803.4,NA,22803.4
"1279","2020","Mazda","CX-9",31243.25,NA,31243.25
"1280","2020","Mazda","MX-5",32648.33,NA,32648.33
"1281","2020","Mazda","Mazda3",22254.21,NA,22254.21
"1282","2020","Mazda","Mazda5",21000,NA,21000
"1283","2020","Mercedes-AMG","2020",62944,NA,62944
"1284","2020","Mercedes-Benz","2020",NA,NA,NA
"1285","2020","Mitsubishi","Eclipse",23560.83,NA,23560.83
"1286","2020","Mitsubishi","Mirage",14500,NA,14500
"1287","2020","Mitsubishi","Outlander",23220.5,NA,23220.5
"1288","2020","Mitsubishi","RVR",14999.5,NA,14999.5
"1289","2020","Nissan","370Z",47749.5,NA,47749.5
"1290","2020","Nissan","Altima",20917,NA,20917
"1291","2020","Nissan","Armada",40498,NA,40498
"1292","2020","Nissan","GT-R",180000,NA,180000
"1293","2020","Nissan","Kicks",18514.38,NA,18514.38
"1294","2020","Nissan","LEAF",22847,NA,22847
"1295","2020","Nissan","Murano",28697,NA,28697
"1296","2020","Nissan","NV200",20969,NA,20969
"1297","2020","Nissan","Pathfinder",24462.67,NA,24462.67
"1298","2020","Nissan","Qashqai",21355.4,NA,21355.4
"1299","2020","Nissan","Rogue",20314.43,NA,20314.43
"1300","2020","Nissan","Sentra",19130.38,NA,19130.38
"1301","2020","Porsche","718",139910,NA,139910
"1302","2020","Porsche","911",142537.4,NA,142537.4
"1303","2020","Porsche","Cayenne",75079.64,NA,75079.64
"1304","2020","Porsche","Macan",51076.67,NA,51076.67
"1305","2020","Porsche","Taycan",86199.5,NA,86199.5
"1306","2020","Ram","1500",39035.83,NA,39035.83
"1307","2020","Ram","2500",55401.38,NA,55401.38
"1308","2020","Ram","3500",58409.57,NA,58409.57
"1309","2020","Ram","Cargo",39995,NA,39995
"1310","2020","Ram","ProMaster",26968.64,NA,26968.64
"1311","2020","Ram","Promaster",40804.89,NA,40804.89
"1312","2020","Ram","RAM",26998,NA,26998
"1313","2020","Rolls-Royce","2020",416795.2,NA,416795.2
"1314","2020","Subaru","Ascent",28093.33,NA,28093.33
"1315","2020","Subaru","BRZ",27995,NA,27995
"1316","2020","Subaru","Crosstrek",23486,NA,23486
"1317","2020","Subaru","Forester",25457.6,NA,25457.6
"1318","2020","Subaru","Impreza",21648.33,NA,21648.33
"1319","2020","Subaru","Legacy",22122,NA,22122
"1320","2020","Subaru","Outback",25705.36,NA,25705.36
"1321","2020","Subaru","WRX",34567.43,NA,34567.43
"1322","2020","Tesla","Model",NA,NA,NA
"1323","2020","Toyota","4Runner",51999,NA,51999
"1324","2020","Toyota","C-HR",25255,NA,25255
"1325","2020","Toyota","Camry",26072.67,NA,26072.67
"1326","2020","Toyota","Corolla",21774.66,NA,21774.66
"1327","2020","Toyota","Highlander",37948.2,NA,37948.2
"1328","2020","Toyota","Prius",25962.67,NA,25962.67
"1329","2020","Toyota","RAV4",31982.75,NA,31982.75
"1330","2020","Toyota","Sienna",41312.14,NA,41312.14
"1331","2020","Toyota","Tacoma",40893.2,NA,40893.2
"1332","2020","Volkswagen","Atlas",29270.86,NA,29270.86
"1333","2020","Volkswagen","E-Golf",23983,NA,23983
"1334","2020","Volkswagen","Golf",21663,NA,21663
"1335","2020","Volkswagen","Jetta",22901.72,NA,22901.72
"1336","2020","Volkswagen","Passat",21032.6,NA,21032.6
"1337","2020","Volkswagen","Tiguan",22465,NA,22465
"1338","2020","Volvo","S60",31826.33,NA,31826.33
"1339","2020","Volvo","S90",31000,NA,31000
"1340","2020","Volvo","V60",51999,NA,51999
"1341","2020","Volvo","XC40",29359.17,NA,29359.17
"1342","2020","Volvo","XC60",32764.57,NA,32764.57
"1343","2020","Volvo","XC90",36587.2,NA,36587.2
"1344","2021","Acura","RDX",35039.86,NA,35039.86
"1345","2021","Acura","TLX",30219,NA,30219
"1346","2021","Alfa","Romeo",51785.17,NA,51785.17
"1347","2021","Audi","A4",NA,39992,39992
"1348","2021","Audi","A5",38888,NA,38888
"1349","2021","Audi","Q3",32653.2,NA,32653.2
"1350","2021","Audi","Q5",36138.4,NA,36138.4
"1351","2021","Audi","RS",117888,NA,117888
"1352","2021","Audi","S4",45561,NA,45561
"1353","2021","Audi","S5",45899,NA,45899
"1354","2021","Audi","S6",56385,NA,56385
"1355","2021","Audi","SQ5",44898,NA,44898
"1356","2021","Audi","e-tron",50354.6,NA,50354.6
"1357","2021","BMW","4",56934,NA,56934
"1358","2021","BMW","5",34888,NA,34888
"1359","2021","BMW","M5",95849,NA,95849
"1360","2021","BMW","X5",49082,NA,49082
"1361","2021","BMW","X7",69898,NA,69898
"1362","2021","Buick","Encore",24995,NA,24995
"1363","2021","Buick","Envision",27998,NA,27998
"1364","2021","Cadillac","CT4",32997,NA,32997
"1365","2021","Cadillac","Escalade",109900,NA,109900
"1366","2021","Cadillac","XT6",42620,NA,42620
"1367","2021","Chevrolet","Colorado",NA,79900,79900
"1368","2021","Chevrolet","Corvette",99899,NA,99899
"1369","2021","Chevrolet","Express",38478,NA,38478
"1370","2021","Chevrolet","Silverado",40772.78,NA,40772.78
"1371","2021","Chevrolet","Spark",17634,NA,17634
"1372","2021","Chevrolet","Suburban",62998,NA,62998
"1373","2021","Chrysler","Grand",35386,NA,35386
"1374","2021","Chrysler","Pacifica",43888,NA,43888
"1375","2021","Dodge","Durango",42441.5,NA,42441.5
"1376","2021","Ford","Bronco",29447.85,NA,29447.85
"1377","2021","Ford","Edge",29995,NA,29995
"1378","2021","Ford","Escape",26394.6,NA,26394.6
"1379","2021","Ford","Explorer",43465.4,NA,43465.4
"1380","2021","Ford","F-150",42242.92,NA,42242.92
"1381","2021","Ford","F-350",59696.25,NA,59696.25
"1382","2021","Ford","Mustang",32888,NA,32888
"1383","2021","Ford","Ranger",31800,NA,31800
"1384","2021","Ford","Transit",39646.67,NA,39646.67
"1385","2021","GMC","SIERRA",77912,NA,77912
"1386","2021","GMC","Savana",37998,NA,37998
"1387","2021","GMC","Sierra",52949.06,NA,52949.06
"1388","2021","GMC","Terrain",24903,NA,24903
"1389","2021","GMC","Yukon",56950,NA,56950
"1390","2021","Genesis","GV80",45525.17,NA,45525.17
"1391","2021","Honda","CR-V",30283.38,NA,30283.38
"1392","2021","Honda","Civic",25542.12,NA,25542.12
"1393","2021","Honda","Passport",37711,NA,37711
"1394","2021","Honda","Pilot",37178.2,NA,37178.2
"1395","2021","Hyundai","Elantra",21559,NA,21559
"1396","2021","Hyundai","Kona",20559.8,NA,20559.8
"1397","2021","Hyundai","Palisade",36444.5,NA,36444.5
"1398","2021","Hyundai","Santa",28497.33,NA,28497.33
"1399","2021","Hyundai","Sonata",22997.29,NA,22997.29
"1400","2021","Infiniti","QX50",25950,NA,25950
"1401","2021","Jeep","Cherokee",30288,NA,30288
"1402","2021","Jeep","Compass",23598.33,NA,23598.33
"1403","2021","Jeep","Gladiator",51788,NA,51788
"1404","2021","Jeep","Grand",40131.8,NA,40131.8
"1405","2021","Jeep","WRANGLER",36912.88,NA,36912.88
"1406","2021","Jeep","Wrangler",40320.06,NA,40320.06
"1407","2021","Kia","Forte",19810.2,NA,19810.2
"1408","2021","Kia","K5",30947.5,NA,30947.5
"1409","2021","Kia","Rio",18999,NA,18999
"1410","2021","Kia","Sedona",NA,NA,NA
"1411","2021","Kia","Seltos",22619.9,NA,22619.9
"1412","2021","Kia","Sorento",32573,NA,32573
"1413","2021","Kia","Soul",20590.33,NA,20590.33
"1414","2021","Kia","Telluride",39500,NA,39500
"1415","2021","Land","Rover",50407.44,NA,50407.44
"1416","2021","Lexus","GX",52888,NA,52888
"1417","2021","Lexus","NX",36531.14,NA,36531.14
"1418","2021","Lexus","RX",46995,NA,46995
"1419","2021","Mazda","CX-3",23893,NA,23893
"1420","2021","Mazda","CX-30",28950,NA,28950
"1421","2021","Mazda","CX-5",NA,NA,NA
"1422","2021","Mazda","CX-9",32781.14,NA,32781.14
"1423","2021","Mazda","MX-5",36998,NA,36998
"1424","2021","Mazda","Mazda3",24803.44,NA,24803.44
"1425","2021","Mazda","Mazda6",22793.5,NA,22793.5
"1426","2021","McLaren","765LT",615000,NA,615000
"1427","2021","Mercedes-Benz","2021",NA,NA,NA
"1428","2021","Mitsubishi","RVR",20308,NA,20308
"1429","2021","Nissan","Murano",32546,NA,32546
"1430","2021","Nissan","Rogue",24864.67,NA,24864.67
"1431","2021","Nissan","Versa",15995,NA,15995
"1432","2021","Polestar","POLESTAR",35888,NA,35888
"1433","2021","Porsche","718",101944,NA,101944
"1434","2021","Porsche","911",259567,NA,259567
"1435","2021","Porsche","Macan",NA,NA,NA
"1436","2021","Ram","1500",42811.86,NA,42811.86
"1437","2021","Ram","2500",67995,NA,67995
"1438","2021","Ram","3500",69995,NA,69995
"1439","2021","Subaru","Crosstrek",26165.38,NA,26165.38
"1440","2021","Subaru","Forester",26452.5,NA,26452.5
"1441","2021","Subaru","Impreza",26998,NA,26998
"1442","2021","Subaru","Outback",32901.71,NA,32901.71
"1443","2021","Subaru","WRX",26888,NA,26888
"1444","2021","Tesla","Model",35166,NA,35166
"1445","2021","Toyota","Avalon",32995,NA,32995
"1446","2021","Toyota","Camry",33793.5,NA,33793.5
"1447","2021","Toyota","Corolla",21997.25,NA,21997.25
"1448","2021","Toyota","Prius",30788,NA,30788
"1449","2021","Toyota","RAV4",35009.62,NA,35009.62
"1450","2021","Toyota","Sienna",49236.57,NA,49236.57
"1451","2021","Toyota","Tacoma",40900,NA,40900
"1452","2021","Toyota","Venza",NA,37888,37888
"1453","2021","Volkswagen","Atlas",34039.83,NA,34039.83
"1454","2021","Volkswagen","Golf",18990,NA,18990
"1455","2021","Volkswagen","Jetta",22398,NA,22398
"1456","2021","Volkswagen","Tiguan",27813.4,NA,27813.4
"1457","2021","Volvo","XC40",33497,NA,33497
"1458","2021","Volvo","XC60",37096.5,NA,37096.5
"1459","2022","Acura","MDX",45323.67,NA,45323.67
"1460","2022","Acura","RDX",41522.5,NA,41522.5
"1461","2022","Acura","TLX",NA,NA,NA
"1462","2022","Alfa","Romeo",40888,NA,40888
"1463","2022","Aston","Martin",199997,NA,199997
"1464","2022","Audi","A5",39888,NA,39888
"1465","2022","Audi","A7",71888,NA,71888
"1466","2022","Audi","Q5",36998.33,NA,36998.33
"1467","2022","Audi","Q7",50172.6,NA,50172.6
"1468","2022","Audi","Q8",67480,NA,67480
"1469","2022","Audi","RS",NA,NA,NA
"1470","2022","Audi","S5",61718.25,NA,61718.25
"1471","2022","Audi","S8",95898,NA,95898
"1472","2022","Audi","e-tron",51799,NA,51799
"1473","2022","BMW","3",59000,NA,59000
"1474","2022","BMW","4",62988,NA,62988
"1475","2022","BMW","M3",91999,NA,91999
"1476","2022","BMW","M4",89597,NA,89597
"1477","2022","BMW","X3",42770.57,NA,42770.57
"1478","2022","BMW","X4",51844,NA,51844
"1479","2022","BMW","X5",51999.17,NA,51999.17
"1480","2022","BMW","X7",92000,NA,92000
"1481","2022","Buick","Enclave",49903,NA,49903
"1482","2022","Buick","Encore",24995,NA,24995
"1483","2022","Buick","Envision",32601.75,NA,32601.75
"1484","2022","Cadillac","CT4",39495,NA,39495
"1485","2022","Cadillac","XT4",37447.25,NA,37447.25
"1486","2022","Cadillac","XT6",53223,NA,53223
"1487","2022","Chevrolet","Blazer",34495,NA,34495
"1488","2022","Chevrolet","Bolt",29988,NA,29988
"1489","2022","Chevrolet","Corvette",98988,NA,98988
"1490","2022","Chevrolet","SILVERADO",79556,NA,79556
"1491","2022","Chevrolet","Silverado",47268.33,NA,47268.33
"1492","2022","Chevrolet","Trax",21700,NA,21700
"1493","2022","Chrysler","300",32364.5,NA,32364.5
"1494","2022","Chrysler","Grand",33498,NA,33498
"1495","2022","Chrysler","Pacifica",39576.33,NA,39576.33
"1496","2022","Dodge","Challenger",89872.2,NA,89872.2
"1497","2022","Dodge","Charger",40467.75,NA,40467.75
"1498","2022","Dodge","Durango",48193,NA,48193
"1499","2022","Ferrari","SF90",785987,NA,785987
"1500","2022","Ford","Bronco",NA,NA,NA
"1501","2022","Ford","EcoSport",23995,NA,23995
"1502","2022","Ford","Edge",NA,NA,NA
"1503","2022","Ford","Escape",31966,NA,31966
"1504","2022","Ford","F-150",46552,NA,46552
"1505","2022","Ford","F-250",73257,NA,73257
"1506","2022","Ford","Maverick",32812.6,NA,32812.6
"1507","2022","Ford","Mustang",NA,NA,NA
"1508","2022","Ford","Ranger",43995,NA,43995
"1509","2022","Ford","Transit",47995,NA,47995
"1510","2022","GMC","Canyon",46854,NA,46854
"1511","2022","GMC","Savana",45606.33,NA,45606.33
"1512","2022","GMC","Sierra",NA,NA,NA
"1513","2022","Genesis","G70",30399,NA,30399
"1514","2022","Honda","Accord",31490,NA,31490
"1515","2022","Honda","CR-V",32199.75,NA,32199.75
"1516","2022","Honda","Civic",29320.94,NA,29320.94
"1517","2022","Honda","Odyssey",42596.33,NA,42596.33
"1518","2022","Honda","Pilot",39092,NA,39092
"1519","2022","Hyundai","Elantra",NA,NA,NA
"1520","2022","Hyundai","Kona",24245,NA,24245
"1521","2022","Hyundai","Palisade",NA,NA,NA
"1522","2022","Hyundai","Santa",NA,NA,NA
"1523","2022","Hyundai","Sonata",35246,NA,35246
"1524","2022","Hyundai","Tucson",26997,NA,26997
"1525","2022","Infiniti","QX80",55995,NA,55995
"1526","2022","Isuzu","NRR",89995,NA,89995
"1527","2022","Jeep","Cherokee",NA,NA,NA
"1528","2022","Jeep","Compass",30178.5,NA,30178.5
"1529","2022","Jeep","Grand",NA,NA,NA
"1530","2022","Jeep","WRANGLER",NA,46920,46920
"1531","2022","Jeep","Wagoneer",67344.2,NA,67344.2
"1532","2022","Jeep","Wrangler",NA,NA,NA
"1533","2022","Kia","Carnival",32490.75,NA,32490.75
"1534","2022","Kia","Forte",24418,NA,24418
"1535","2022","Kia","K5",28963,NA,28963
"1536","2022","Kia","Seltos",28181.8,NA,28181.8
"1537","2022","Kia","Sorento",38502.8,NA,38502.8
"1538","2022","Kia","Soul",22159,NA,22159
"1539","2022","Lamborghini","Huracan",449948,NA,449948
"1540","2022","Land","Rover",75395,NA,75395
"1541","2022","Lexus","ES",43612,NA,43612
"1542","2022","Lexus","IS",40888,NA,40888
"1543","2022","Lexus","RX",46843.5,NA,46843.5
"1544","2022","Lexus","UX",35990,NA,35990
"1545","2022","Lincoln","Corsair",39787,NA,39787
"1546","2022","Lincoln","Nautilus",39999,NA,39999
"1547","2022","Lincoln","Navigator",65888,NA,65888
"1548","2022","Maserati","Levante",85890,NA,85890
"1549","2022","Mazda","CX-30",25998.67,NA,25998.67
"1550","2022","Mazda","CX-5",31743.5,NA,31743.5
"1551","2022","Mazda","CX-9",35393,NA,35393
"1552","2022","Mazda","MX-30",23999,NA,23999
"1553","2022","Mazda","MX-5",33297.67,NA,33297.67
"1554","2022","Mazda","Mazda3",25993,NA,25993
"1555","2022","Mercedes-Benz","2022",NA,NA,NA
"1556","2022","Mitsubishi","Eclipse",24625,NA,24625
"1557","2022","Mitsubishi","Outlander",33053.25,NA,33053.25
"1558","2022","Mitsubishi","RVR",NA,NA,NA
"1559","2022","Nissan","Frontier",43999,NA,43999
"1560","2022","Nissan","Pathfinder",36679,NA,36679
"1561","2022","Nissan","Qashqai",27496.67,NA,27496.67
"1562","2022","Nissan","Rogue",23879,NA,23879
"1563","2022","Porsche","911",221399,NA,221399
"1564","2022","Porsche","Cayenne",72976,NA,72976
"1565","2022","Ram","1500",48615.52,NA,48615.52
"1566","2022","Ram","2500",58600.11,NA,58600.11
"1567","2022","Ram","3500",78897,NA,78897
"1568","2022","Rolls-Royce","2022",477998,NA,477998
"1569","2022","Subaru","Ascent",38295.5,NA,38295.5
"1570","2022","Subaru","Crosstrek",28312,NA,28312
"1571","2022","Subaru","Forester",26467,NA,26467
"1572","2022","Subaru","Impreza",28988,NA,28988
"1573","2022","Subaru","Outback",30938,NA,30938
"1574","2022","Subaru","WRX",33019.5,NA,33019.5
"1575","2022","Tesla","Model",54161,NA,54161
"1576","2022","Toyota","4Runner",54217.4,NA,54217.4
"1577","2022","Toyota","Camry",32891.71,NA,32891.71
"1578","2022","Toyota","Corolla",28290.19,NA,28290.19
"1579","2022","Toyota","RAV4",41037.27,NA,41037.27
"1580","2022","Toyota","Tundra",51222.14,NA,51222.14
"1581","2022","Toyota","Venza",40990,NA,40990
"1582","2022","Volkswagen","Atlas",37950,NA,37950
"1583","2022","Volkswagen","Jetta",26389,NA,26389
"1584","2022","Volkswagen","TIGUAN",27995,NA,27995
"1585","2022","Volkswagen","Taos",23997.6,NA,23997.6
"1586","2022","Volkswagen","Tiguan",30792.67,NA,30792.67
"1587","2022","Volvo","XC40",46454,NA,46454
"1588","2022","Volvo","XC60",39988,NA,39988
"1589","2022","Volvo","XC90",54496.5,NA,54496.5
"1590","2023","Acura","Integra",35541.5,NA,35541.5
"1591","2023","Acura","MDX",58225,NA,58225
"1592","2023","Acura","RDX",44655.25,NA,44655.25
"1593","2023","Acura","TLX",NA,52889,52889
"1594","2023","Alfa","Romeo",NA,NA,NA
"1595","2023","Aston","Martin",NA,NA,NA
"1596","2023","Audi","A3",36498,NA,36498
"1597","2023","Audi","A4",43601.43,NA,43601.43
"1598","2023","Audi","A5",55247.67,NA,55247.67
"1599","2023","Audi","A7",82888,NA,82888
"1600","2023","Audi","Q4",NA,NA,NA
"1601","2023","Audi","Q5",45148.5,NA,45148.5
"1602","2023","Audi","Q7",70688,NA,70688
"1603","2023","Audi","R8",NA,238094.14,238094.14
"1604","2023","Audi","RS",131888,NA,131888
"1605","2023","Audi","S3",47888,NA,47888
"1606","2023","Audi","S8",125888,NA,125888
"1607","2023","Audi","SQ5",62888,NA,62888
"1608","2023","BMW","2",NA,50530,50530
"1609","2023","BMW","3",NA,50321.85,50321.85
"1610","2023","BMW","4",48400,NA,48400
"1611","2023","BMW","530I",47995,NA,47995
"1612","2023","BMW","M2",77989,NA,77989
"1613","2023","BMW","M5",126500,NA,126500
"1614","2023","BMW","X3",NA,NA,NA
"1615","2023","BMW","X4",56978,NA,56978
"1616","2023","BMW","X5",60748,NA,60748
"1617","2023","BMW","X6",NA,165638,165638
"1618","2023","BMW","i7",123900,NA,123900
"1619","2023","BMW","iX",NA,78500,78500
"1620","2023","Bentley","Continental",348800,NA,348800
"1621","2023","Buick","Encore",28684,NA,28684
"1622","2023","Buick","Envision",NA,NA,NA
"1623","2023","Cadillac","CT4",45892,NA,45892
"1624","2023","Cadillac","CT5",43995,NA,43995
"1625","2023","Cadillac","Escalade",NA,NA,NA
"1626","2023","Cadillac","XT4",42663,NA,42663
"1627","2023","Cadillac","XT5",42095,NA,42095
"1628","2023","Cadillac","XT6",53049.6,NA,53049.6
"1629","2023","Chevrolet","Blazer",42995,NA,42995
"1630","2023","Chevrolet","Bolt",30676.4,NA,30676.4
"1631","2023","Chevrolet","Corvette",111342.57,NA,111342.57
"1632","2023","Chevrolet","Equinox",NA,42846,42846
"1633","2023","Chevrolet","OTHER",NA,67353,67353
"1634","2023","Chevrolet","Silverado",50325,NA,50325
"1635","2023","Chevrolet","Tahoe",NA,NA,NA
"1636","2023","Chevrolet","TrailBlazer",31800,NA,31800
"1637","2023","Chevrolet","Traverse",NA,117977,117977
"1638","2023","Chrysler","300",NA,52091.5,52091.5
"1639","2023","Chrysler","300C",NA,64920,64920
"1640","2023","Chrysler","Pacifica",44832.78,NA,44832.78
"1641","2023","Dodge","Challenger",NA,NA,NA
"1642","2023","Dodge","Charger",NA,NA,NA
"1643","2023","Dodge","Durango",NA,NA,NA
"1644","2023","Dodge","Hornet",NA,NA,NA
"1645","2023","Ferrari","296",449987,NA,449987
"1646","2023","Fiat","500X",NA,38234.25,38234.25
"1647","2023","Ford","Bronco",NA,NA,NA
"1648","2023","Ford","E-Transit",NA,64841.96,64841.96
"1649","2023","Ford","Edge",28999,NA,28999
"1650","2023","Ford","Escape",NA,NA,NA
"1651","2023","Ford","Expedition",62609.25,NA,62609.25
"1652","2023","Ford","Explorer",NA,NA,NA
"1653","2023","Ford","F-150",NA,NA,NA
"1654","2023","Ford","F-250",NA,87388,87388
"1655","2023","Ford","F-350",NA,91588,91588
"1656","2023","Ford","Maverick",NA,NA,NA
"1657","2023","Ford","Mustang",NA,NA,NA
"1658","2023","Ford","Ranger",47988,NA,47988
"1659","2023","Ford","Super",NA,101753.5,101753.5
"1660","2023","Ford","Transit",NA,NA,NA
"1661","2023","GMC","Acadia",NA,NA,NA
"1662","2023","GMC","Canyon",51550,NA,51550
"1663","2023","GMC","Savana",55495,NA,55495
"1664","2023","GMC","Sierra",NA,NA,NA
"1665","2023","GMC","Terrain",NA,NA,NA
"1666","2023","GMC","Yukon",NA,NA,NA
"1667","2023","Genesis","G80",56811.4,NA,56811.4
"1668","2023","Honda","Accord",38472.5,NA,38472.5
"1669","2023","Honda","CR-V",NA,NA,NA
"1670","2023","Honda","Civic",30468.71,NA,30468.71
"1671","2023","Honda","Odyssey",50065,NA,50065
"1672","2023","Honda","Passport",46488,NA,46488
"1673","2023","Honda","Pilot",NA,NA,NA
"1674","2023","Honda","Ridgeline",NA,NA,NA
"1675","2023","Hyundai","Elantra",29782.5,NA,29782.5
"1676","2023","Hyundai","IONIQ",NA,57299,57299
"1677","2023","Hyundai","Kona",NA,NA,NA
"1678","2023","Hyundai","Palisade",NA,NA,NA
"1679","2023","Hyundai","Santa",NA,NA,NA
"1680","2023","Hyundai","Tucson",NA,38304.5,38304.5
"1681","2023","Hyundai","Venue",22488,NA,22488
"1682","2023","Infiniti","Q50",NA,NA,NA
"1683","2023","Infiniti","QX50",NA,NA,NA
"1684","2023","Infiniti","QX55",NA,58792,58792
"1685","2023","Infiniti","QX60",NA,NA,NA
"1686","2023","Infiniti","QX80",NA,85842.5,85842.5
"1687","2023","Jaguar","F-Pace",71209.88,NA,71209.88
"1688","2023","Jeep","Cherokee",NA,50010.82,50010.82
"1689","2023","Jeep","Compass",NA,NA,NA
"1690","2023","Jeep","Gladiator",NA,NA,NA
"1691","2023","Jeep","Grand",NA,NA,NA
"1692","2023","Jeep","Renegade",NA,37175.78,37175.78
"1693","2023","Jeep","WRANGLER",43995,NA,43995
"1694","2023","Jeep","Wagoneer",NA,NA,NA
"1695","2023","Jeep","Wrangler",NA,NA,NA
"1696","2023","Kia","EV6",NA,NA,NA
"1697","2023","Kia","Forte",22688,NA,22688
"1698","2023","Kia","Forte5",26278,NA,26278
"1699","2023","Kia","Niro",NA,NA,NA
"1700","2023","Kia","Seltos",28698,NA,28698
"1701","2023","Kia","Sorento",34843,NA,34843
"1702","2023","Kia","Soul",26294,NA,26294
"1703","2023","Kia","Sportage",31340.46,NA,31340.46
"1704","2023","Kia","Stinger",NA,NA,NA
"1705","2023","Kia","Telluride",NA,NA,NA
"1706","2023","Lamborghini","Huracan",NA,657729,657729
"1707","2023","Lamborghini","Urus",NA,399973,399973
"1708","2023","Land","Rover",103027.57,NA,103027.57
"1709","2023","Lexus","IS",NA,NA,NA
"1710","2023","Lexus","NX",NA,NA,NA
"1711","2023","Lexus","RX",NA,NA,NA
"1712","2023","Lincoln","Aviator",NA,NA,NA
"1713","2023","Lincoln","Corsair",NA,NA,NA
"1714","2023","Lincoln","Nautilus",NA,58094.67,58094.67
"1715","2023","Lincoln","Navigator",NA,NA,NA
"1716","2023","MINI","Cooper",30000,NA,30000
"1717","2023","MINI","SE",31900,NA,31900
"1718","2023","Maserati","Grecale",89987,NA,89987
"1719","2023","Maserati","MC20",NA,NA,NA
"1720","2023","Mazda","CX-30",29495,NA,29495
"1721","2023","Mazda","CX-5",NA,NA,NA
"1722","2023","Mazda","CX-50",NA,NA,NA
"1723","2023","Mazda","MX-30",NA,35475.67,35475.67
"1724","2023","Mazda","MX-5",NA,44165,44165
"1725","2023","Mazda","Mazda3",NA,NA,NA
"1726","2023","Mercedes-Benz","2023",NA,NA,NA
"1727","2023","Mitsubishi","Eclipse",NA,33548,33548
"1728","2023","Mitsubishi","RVR",26584.25,NA,26584.25
"1729","2023","Nissan","Altima",27995,NA,27995
"1730","2023","Nissan","Ariya",51869,NA,51869
"1731","2023","Nissan","Armada",NA,NA,NA
"1732","2023","Nissan","Frontier",48224,NA,48224
"1733","2023","Nissan","Kicks",22589,NA,22589
"1734","2023","Nissan","LEAF",28998,NA,28998
"1735","2023","Nissan","Murano",36946.5,NA,36946.5
"1736","2023","Nissan","Pathfinder",NA,NA,NA
"1737","2023","Nissan","Qashqai",NA,NA,NA
"1738","2023","Nissan","Rogue",30399,NA,30399
"1739","2023","Nissan","Sentra",24919.5,NA,24919.5
"1740","2023","Nissan","Versa",22199,NA,22199
"1741","2023","Nissan","Z",69998,NA,69998
"1742","2023","Porsche","718",130449,NA,130449
"1743","2023","Porsche","911",227049,NA,227049
"1744","2023","Porsche","Cayenne",104434,NA,104434
"1745","2023","Porsche","Macan",71900,NA,71900
"1746","2023","Porsche","Taycan",139833.33,NA,139833.33
"1747","2023","Ram","1500",NA,NA,NA
"1748","2023","Ram","2500",69245,NA,69245
"1749","2023","Ram","3500",NA,NA,NA
"1750","2023","Ram","ProMaster",55994,NA,55994
"1751","2023","Subaru","Ascent",43595,NA,43595
"1752","2023","Subaru","BRZ",33754.67,NA,33754.67
"1753","2023","Subaru","Impreza",27896,NA,27896
"1754","2023","Subaru","Legacy",NA,NA,NA
"1755","2023","Subaru","Outback",39990,NA,39990
"1756","2023","Subaru","Solterra",40993,NA,40993
"1757","2023","Subaru","WRX",35998,NA,35998
"1758","2023","Tesla","Model",46568,NA,46568
"1759","2023","Toyota","4Runner",51999,NA,51999
"1760","2023","Toyota","Camry",35988,NA,35988
"1761","2023","Toyota","Corolla",33226.88,NA,33226.88
"1762","2023","Toyota","Crown",59995,NA,59995
"1763","2023","Toyota","GR",63911.86,NA,63911.86
"1764","2023","Toyota","Highlander",52480.12,NA,52480.12
"1765","2023","Toyota","RAV4",46488.6,NA,46488.6
"1766","2023","Toyota","Sienna",61165.5,NA,61165.5
"1767","2023","Toyota","Tacoma",50613.45,NA,50613.45
"1768","2023","Toyota","Tundra",51995,NA,51995
"1769","2023","Toyota","Venza",37999,NA,37999
"1770","2023","Volkswagen","Atlas",42197.67,NA,42197.67
"1771","2023","Volkswagen","Golf",32985,NA,32985
"1772","2023","Volkswagen","Jetta",28994,NA,28994
"1773","2023","Volkswagen","Taos",27214.75,NA,27214.75
"1774","2023","Volkswagen","Tiguan",32094.67,NA,32094.67
"1775","2023","Volvo","S60",46797,NA,46797
"1776","2023","Volvo","XC60",63797,NA,63797
"1777","2023","Volvo","XC90",60490,NA,60490
"1778","2024","Acura","MDX",NA,NA,NA
"1779","2024","Acura","RDX",NA,NA,NA
"1780","2024","Acura","TLX",NA,57154.34,57154.34
"1781","2024","Acura","ZDX",NA,87352.76,87352.76
"1782","2024","Alfa","Romeo",NA,64145.72,64145.72
"1783","2024","Aston","Martin",NA,429842,429842
"1784","2024","Audi","A3",NA,NA,NA
"1785","2024","Audi","A4",NA,NA,NA
"1786","2024","Audi","A5",NA,76201.95,76201.95
"1787","2024","Audi","A6",NA,97689,97689
"1788","2024","Audi","A7",NA,93132,93132
"1789","2024","Audi","Q3",NA,NA,NA
"1790","2024","Audi","Q4",NA,NA,NA
"1791","2024","Audi","Q5",NA,NA,NA
"1792","2024","Audi","Q7",86876,NA,86876
"1793","2024","Audi","Q8",NA,NA,NA
"1794","2024","Audi","RS",NA,138691.5,138691.5
"1795","2024","Audi","S5",NA,NA,NA
"1796","2024","Audi","S7",NA,120882,120882
"1797","2024","Audi","SQ5",NA,82664.75,82664.75
"1798","2024","Audi","SQ8",NA,132147,132147
"1799","2024","Audi","e-tron",NA,122709,122709
"1800","2024","BMW","2",NA,52486.9,52486.9
"1801","2024","BMW","230",NA,65056,65056
"1802","2024","BMW","3",NA,NA,NA
"1803","2024","BMW","4",NA,NA,NA
"1804","2024","BMW","5",NA,99425.5,99425.5
"1805","2024","BMW","7",NA,171643.2,171643.2
"1806","2024","BMW","8",NA,125118.31,125118.31
"1807","2024","BMW","I4",NA,85075.33,85075.33
"1808","2024","BMW","M2",NA,96816.76,96816.76
"1809","2024","BMW","M3",NA,120158,120158
"1810","2024","BMW","M8",NA,195627,195627
"1811","2024","BMW","M850",NA,135896,135896
"1812","2024","BMW","X1",NA,64452.98,64452.98
"1813","2024","BMW","X2",NA,NA,NA
"1814","2024","BMW","X3",NA,NA,NA
"1815","2024","BMW","X5",NA,122350,122350
"1816","2024","BMW","X6",NA,NA,NA
"1817","2024","BMW","X7",NA,NA,NA
"1818","2024","BMW","XM",NA,208848.62,208848.62
"1819","2024","BMW","i4",NA,NA,NA
"1820","2024","BMW","i5",NA,108323,108323
"1821","2024","BMW","i7",NA,207212.48,207212.48
"1822","2024","BMW","iX",NA,NA,NA
"1823","2024","Bentley","Bentayga",NA,404870,404870
"1824","2024","Bentley","Continental",NA,514154.25,514154.25
"1825","2024","Bentley","Flying",NA,394343,394343
"1826","2024","Buick","Enclave",NA,61810.21,61810.21
"1827","2024","Buick","Encore",NA,NA,NA
"1828","2024","Buick","Envision",NA,50094.11,50094.11
"1829","2024","Buick","Envista",NA,NA,NA
"1830","2024","Cadillac","CT4",NA,62805.88,62805.88
"1831","2024","Cadillac","CT5",NA,61620,61620
"1832","2024","Cadillac","CT5-V",NA,103431.33,103431.33
"1833","2024","Cadillac","Escalade",NA,146086.07,146086.07
"1834","2024","Cadillac","LYRIQ",NA,NA,NA
"1835","2024","Cadillac","XT4",NA,57567.31,57567.31
"1836","2024","Cadillac","XT5",NA,51623.67,51623.67
"1837","2024","Cadillac","XT6",NA,NA,NA
"1838","2024","Chevrolet","Blazer",NA,58101.47,58101.47
"1839","2024","Chevrolet","CORVETTE",NA,184869.5,184869.5
"1840","2024","Chevrolet","Camaro",NA,58444.33,58444.33
"1841","2024","Chevrolet","Colorado",NA,56934.88,56934.88
"1842","2024","Chevrolet","Corvette",NA,NA,NA
"1843","2024","Chevrolet","Equinox",NA,54313.59,54313.59
"1844","2024","Chevrolet","Express",NA,51151.75,51151.75
"1845","2024","Chevrolet","Malibu",NA,35844.13,35844.13
"1846","2024","Chevrolet","SILVERADO",NA,99781.73,99781.73
"1847","2024","Chevrolet","Silverado",NA,73338.47,73338.47
"1848","2024","Chevrolet","Suburban",NA,101158.57,101158.57
"1849","2024","Chevrolet","Tahoe",NA,93518.38,93518.38
"1850","2024","Chevrolet","TrailBlazer",NA,35974.8,35974.8
"1851","2024","Chevrolet","Traverse",NA,59663,59663
"1852","2024","Chevrolet","Trax",NA,30221,30221
"1853","2024","Chrysler","Grand",NA,53620.72,53620.72
"1854","2024","Chrysler","Pacifica",NA,NA,NA
"1855","2024","Dodge","Durango",NA,NA,NA
"1856","2024","Dodge","Hornet",NA,NA,NA
"1857","2024","Fiat","500E",NA,38170.72,38170.72
"1858","2024","Ford","BRONCO",NA,78053.33,78053.33
"1859","2024","Ford","Bronco",NA,49879.98,49879.98
"1860","2024","Ford","E-Series",NA,67189,67189
"1861","2024","Ford","E-Transit",NA,77204,77204
"1862","2024","Ford","Edge",NA,NA,NA
"1863","2024","Ford","Escape",NA,NA,NA
"1864","2024","Ford","Expedition",NA,104024.88,104024.88
"1865","2024","Ford","Explorer",NA,64834.38,64834.38
"1866","2024","Ford","F-150",NA,69942.2,69942.2
"1867","2024","Ford","F-250",NA,NA,NA
"1868","2024","Ford","F-350",NA,90018.55,90018.55
"1869","2024","Ford","F-450",NA,122179,122179
"1870","2024","Ford","F-600",NA,100378,100378
"1871","2024","Ford","F-650",NA,117354.5,117354.5
"1872","2024","Ford","MAVERICK",NA,48053.33,48053.33
"1873","2024","Ford","Maverick",NA,46621.08,46621.08
"1874","2024","Ford","Mustang",NA,NA,NA
"1875","2024","Ford","Ranger",NA,57533.77,57533.77
"1876","2024","Ford","Super",NA,87101.3,87101.3
"1877","2024","Ford","Transit",NA,69474.25,69474.25
"1878","2024","GMC","Acadia",NA,61085.35,61085.35
"1879","2024","GMC","Canyon",NA,63696.18,63696.18
"1880","2024","GMC","HUMMER",NA,NA,NA
"1881","2024","GMC","Hummer",NA,170883.5,170883.5
"1882","2024","GMC","SIERRA",NA,NA,NA
"1883","2024","GMC","Savana",NA,63173.42,63173.42
"1884","2024","GMC","Sierra",NA,72746.82,72746.82
"1885","2024","GMC","Terrain",NA,NA,NA
"1886","2024","GMC","Yukon",NA,NA,NA
"1887","2024","Honda","Accord",NA,NA,NA
"1888","2024","Honda","CR-V",NA,NA,NA
"1889","2024","Honda","Civic",NA,NA,NA
"1890","2024","Honda","HR-V",NA,NA,NA
"1891","2024","Honda","Odyssey",NA,NA,NA
"1892","2024","Honda","Passport",NA,56628.91,56628.91
"1893","2024","Honda","Pilot",NA,NA,NA
"1894","2024","Honda","Prologue",NA,69074.45,69074.45
"1895","2024","Honda","Ridgeline",NA,59430,59430
"1896","2024","Hyundai","Elantra",NA,NA,NA
"1897","2024","Hyundai","IONIQ",NA,NA,NA
"1898","2024","Hyundai","Kona",NA,NA,NA
"1899","2024","Hyundai","Palisade",NA,NA,NA
"1900","2024","Hyundai","Santa",NA,NA,NA
"1901","2024","Hyundai","Sonata",NA,38842.9,38842.9
"1902","2024","Hyundai","Tucson",NA,NA,NA
"1903","2024","Hyundai","Venue",NA,26691.61,26691.61
"1904","2024","INEOS","Grenadier",NA,100731.77,100731.77
"1905","2024","Infiniti","Q50",NA,59615.08,59615.08
"1906","2024","Infiniti","QX50",NA,53609.58,53609.58
"1907","2024","Infiniti","QX55",NA,57694.26,57694.26
"1908","2024","Infiniti","QX60",NA,NA,NA
"1909","2024","Infiniti","QX80",NA,87010.53,87010.53
"1910","2024","Jaguar","E-Pace",NA,64855.38,64855.38
"1911","2024","Jaguar","F-Pace",NA,NA,NA
"1912","2024","Jaguar","F-Type",NA,154439.73,154439.73
"1913","2024","Jaguar","I-Pace",NA,117684.29,117684.29
"1914","2024","Jaguar","XF",NA,73292,73292
"1915","2024","Jeep","Compass",NA,NA,NA
"1916","2024","Jeep","Gladiator",NA,65048.61,65048.61
"1917","2024","Jeep","Grand",NA,NA,NA
"1918","2024","Jeep","Wagoneer",NA,90934.41,90934.41
"1919","2024","Jeep","Wrangler",NA,NA,NA
"1920","2024","Kia","Carnival",NA,NA,NA
"1921","2024","Kia","EV6",NA,NA,NA
"1922","2024","Kia","EV9",NA,NA,NA
"1923","2024","Kia","Forte",NA,NA,NA
"1924","2024","Kia","Niro",NA,NA,NA
"1925","2024","Kia","Seltos",NA,NA,NA
"1926","2024","Kia","Sorento",NA,NA,NA
"1927","2024","Kia","Sportage",NA,NA,NA
"1928","2024","Kia","Telluride",NA,NA,NA
"1929","2024","Lamborghini","Huracan",NA,583171,583171
"1930","2024","Lamborghini","Urus",NA,468131,468131
"1931","2024","Land","Rover",NA,NA,NA
"1932","2024","Lexus","ES",NA,58198,58198
"1933","2024","Lexus","IS",NA,NA,NA
"1934","2024","Lexus","LC",NA,126993,126993
"1935","2024","Lexus","NX",NA,NA,NA
"1936","2024","Lexus","RC",NA,63029.67,63029.67
"1937","2024","Lexus","RX",NA,NA,NA
"1938","2024","Lexus","TX",NA,74973.6,74973.6
"1939","2024","Lincoln","Aviator",NA,85267,85267
"1940","2024","Lincoln","Corsair",NA,64316.29,64316.29
"1941","2024","Lincoln","NAUTILUS",NA,75237.33,75237.33
"1942","2024","Lincoln","Nautilus",NA,75640.7,75640.7
"1943","2024","Lincoln","Navigator",NA,128841.88,128841.88
"1944","2024","MINI","3",NA,55503,55503
"1945","2024","MINI","Convertible",NA,51374.88,51374.88
"1946","2024","MINI","Countryman",40999,NA,40999
"1947","2024","MINI","SE",NA,53139.17,53139.17
"1948","2024","Maserati","Ghibli",NA,134419,134419
"1949","2024","Maserati","GranTurismo",NA,262718.17,262718.17
"1950","2024","Maserati","Grecale",NA,107607.06,107607.06
"1951","2024","Maserati","Levante",NA,135250,135250
"1952","2024","Maserati","MC20",NA,461265.67,461265.67
"1953","2024","Mazda","CX-30",NA,NA,NA
"1954","2024","Mazda","CX-5",NA,NA,NA
"1955","2024","Mazda","CX-50",NA,49505.75,49505.75
"1956","2024","Mazda","CX-90",NA,NA,NA
"1957","2024","Mazda","MX-5",NA,46897.5,46897.5
"1958","2024","Mazda","Mazda3",NA,38773.33,38773.33
"1959","2024","Mercedes-Benz","2024",NA,NA,NA
"1960","2024","Mitsubishi","Eclipse",NA,NA,NA
"1961","2024","Mitsubishi","Mirage",NA,23107.71,23107.71
"1962","2024","Mitsubishi","Outlander",NA,NA,NA
"1963","2024","Mitsubishi","RVR",NA,NA,NA
"1964","2024","Nissan","Altima",NA,38283.67,38283.67
"1965","2024","Nissan","Ariya",NA,65780.54,65780.54
"1966","2024","Nissan","Armada",NA,78170,78170
"1967","2024","Nissan","Frontier",NA,NA,NA
"1968","2024","Nissan","Kicks",NA,26194.36,26194.36
"1969","2024","Nissan","LEAF",NA,49955.5,49955.5
"1970","2024","Nissan","Murano",NA,NA,NA
"1971","2024","Nissan","Pathfinder",NA,NA,NA
"1972","2024","Nissan","Rogue",NA,NA,NA
"1973","2024","Nissan","Sentra",NA,30973.26,30973.26
"1974","2024","Nissan","Versa",NA,24519,24519
"1975","2024","Nissan","Z",NA,65693.24,65693.24
"1976","2024","Porsche","718",310000,NA,310000
"1977","2024","Porsche","Cayenne",99988,NA,99988
"1978","2024","Porsche","Macan",92585.71,NA,92585.71
"1979","2024","Ram","1500",NA,NA,NA
"1980","2024","Ram","2500",NA,NA,NA
"1981","2024","Ram","3500",NA,97521.36,97521.36
"1982","2024","Ram","ProMaster",NA,NA,NA
"1983","2024","Rolls-Royce","2024",NA,744097.62,744097.62
"1984","2024","Subaru","Ascent",NA,52059.5,52059.5
"1985","2024","Subaru","BRZ",NA,NA,NA
"1986","2024","Subaru","Crosstrek",NA,NA,NA
"1987","2024","Subaru","Forester",NA,NA,NA
"1988","2024","Subaru","Impreza",NA,33476.27,33476.27
"1989","2024","Subaru","Outback",NA,41974,41974
"1990","2024","Subaru","Solterra",NA,59443.84,59443.84
"1991","2024","Subaru","WRX",NA,43747.54,43747.54
"1992","2024","Tesla","Cybertruck",154988,NA,154988
"1993","2024","Tesla","Model",56500,NA,56500
"1994","2024","Toyota","COROLLA",NA,40449,40449
"1995","2024","Toyota","Camry",NA,NA,NA
"1996","2024","Toyota","Corolla",NA,NA,NA
"1997","2024","Toyota","Crown",NA,63687,63687
"1998","2024","Toyota","GR",NA,50480.44,50480.44
"1999","2024","Toyota","Grand",NA,NA,NA
"2000","2024","Toyota","Highlander",NA,NA,NA
"2001","2024","Toyota","Land",NA,77656.25,77656.25
"2002","2024","Toyota","PRIUS",NA,48951,48951
"2003","2024","Toyota","RAV4",NA,NA,NA
"2004","2024","Toyota","Sienna",NA,NA,NA
"2005","2024","Toyota","TACOMA",71995,NA,71995
"2006","2024","Toyota","Tacoma",NA,59220.8,59220.8
"2007","2024","Toyota","Tundra",NA,75136.33,75136.33
"2008","2024","Volkswagen","Atlas",NA,NA,NA
"2009","2024","Volkswagen","GTI",NA,40065,40065
"2010","2024","Volkswagen","Golf",NA,NA,NA
"2011","2024","Volkswagen","ID.4",NA,NA,NA
"2012","2024","Volkswagen","Jetta",NA,NA,NA
"2013","2024","Volkswagen","Taos",NA,NA,NA
"2014","2024","Volkswagen","Tiguan",NA,NA,NA
"2015","2024","Volvo","C40",NA,73420,73420
"2016","2024","Volvo","S60",NA,63092.18,63092.18
"2017","2024","Volvo","V90",NA,78052,78052
"2018","2024","Volvo","XC40",NA,66779.38,66779.38
"2019","2024","Volvo","XC60",NA,87283.86,87283.86
"2020","2024","Volvo","XC90",NA,108394,108394
